Match,Date,Location,Team_1,Team_2,Result
League,05-10-2023,Ahmedabad,New Zealand,England,
League,06-10-2023,Hyderabad,Pakistan,Netherlands,
League,07-10-2023,Dharmashala,Bangladesh,Afghanistan,
League,07-10-2023,New Delhi,South Africa,Sri Lanka,
League,08-10-2023,Chennai,India,Australia,
League,09-10-2023,Hyderabad,New Zealand,Netherlands,
League,10-10-2023,Dharmashala,England,Bangladesh,
League,11-10-2023,New Delhi,India,Afghanistan,
League,12-10-2023,Hyderabad,Pakistan,Sri Lanka,
League,13-10-2023,Lucknow,Australia,South Africa,
League,14-10-2023,Chennai,New Zealand,Bangladesh,
League,14-10-2023,New Delhi,England,Afghanistan,
League,15-10-2023,Ahmedabad,India,Pakistan,
League,16-10-2023,Lucknow,Australia,Sri Lanka,
League,17-10-2023,Dharmashala,South Africa,Netherlands,
League,18-10-2023,Chennai,New Zealand,Afghanistan,
League,19-10-2023,Pune,India,Bangladesh,
League,20-10-2023,Bangalore,Pakistan,Australia,
League,21-10-2023,Lucknow,Netherlands,Sri Lanka,
League,21-10-2023,Mumbai,England,South Africa,
League,22-10-2023,Dharmashala,India,New Zealand,
League,23-10-2023,Chennai,Afghanistan,Pakistan,
League,24-10-2023,Mumbai,South Africa,Bangladesh,
League,25-10-2023,New Delhi,Australia,Netherlands,
League,26-10-2023,Bangalore,England,Sri Lanka,
League,27-10-2023,Chennai,Pakistan,South Africa,
League,28-10-2023,Dharmashala,Australia,New Zealand,
League,28-10-2023,Kolkata,Netherlands,Bangladesh,
League,29-10-2023,Lucknow,England,India,
League,30-10-2023,Pune,Afghanistan,Sri Lanka,
League,31-10-2023,Kolkata,Pakistan,Bangladesh,
League,01-11-2023,Pune,New Zealand,South Africa,
League,02-11-2023,Mumbai,India,Sri Lanka,
League,03-11-2023,Lucknow,Netherlands,Afghanistan,
League,04-11-2023,Bangalore,Pakistan,New Zealand,
League,04-11-2023,Ahmedabad,England,Australia,
League,05-11-2023,Kolkata,India,South Africa,
League,06-11-2023,New Delhi,Bangladesh,Sri Lanka,
League,07-11-2023,Mumbai,Australia,Afghanistan,
League,08-11-2023,Pune,England,Netherlands,
League,09-11-2023,Bangalore,New Zealand,Sri Lanka,
League,10-11-2023,Ahmedabad,South Africa,Afghanistan,
League,11-11-2023,Bangalore,India,Netherlands,
League,12-11-2023,Pune,Australia,Bangladesh,
League,12-11-2023,Kolkata,England,Pakistan,
Semi Final,15-11-2023,Mumbai,To be announced,To be announced,
Semi Final,16-11-2023,Kolkata,To be announced,To be announced,
Final,19-11-2023,Ahmedabad,To be announced,To be announced,
