date,Team_1,Team_2,Winner,Margin,Ground,Weather,Pitch
04-Jan-10,Bangladesh,Sri Lanka,Sri Lanka,7 wickets,Dhaka,Overcast,Dead
05-Jan-10,India,Sri Lanka,Sri Lanka,5 wickets,Dhaka,Cold,Green
07-Jan-10,Bangladesh,India,India,6 wickets,Dhaka,Cold,Dead
08-Jan-10,Bangladesh,Sri Lanka,Sri Lanka,9 wickets,Dhaka,Cold,Dusty
10-Jan-10,India,Sri Lanka,India,8 wickets,Dhaka,Sunny,Dead
11-Jan-10,Bangladesh,India,India,6 wickets,Dhaka,Rainy,Dead
13-Jan-10,India,Sri Lanka,Sri Lanka,4 wickets,Dhaka,Cold,Dead
22-Jan-10,Australia,Pakistan,Australia,5 wickets,Brisbane,Overcast,Dusty
24-Jan-10,Australia,Pakistan,Australia,140 runs,Sydney,Overcast,Dead
26-Jan-10,Australia,Pakistan,Australia,40 runs,Adelaide,Overcast,Green
29-Jan-10,Australia,Pakistan,Australia,135 runs,Perth,Cold,Dusty
31-Jan-10,Australia,Pakistan,Australia,2 wickets,Perth,Rainy,Dry
05-Feb-10,New Zealand,Bangladesh,New Zealand,146 runs,Napier,Sunny,Wet
07-Feb-10,Australia,West Indies,Australia,113 runs,Melbourne,Cold,Wet
08-Feb-10,New Zealand,Bangladesh,New Zealand,5 wickets,Dunedin,Overcast,Wet
09-Feb-10,Australia,West Indies,Australia,8 wickets,Adelaide,Rainy,Wet
11-Feb-10,New Zealand,Bangladesh,New Zealand,3 wickets,Christchurch,Overcast,Dead
12-Feb-10,Australia,West Indies,no result,,Sydney,Rainy,Wet
14-Feb-10,Australia,West Indies,Australia,50 runs,Brisbane,Overcast,Wet
16-Feb-10,Kenya,Netherlands,Kenya,6 wickets,Nairobi (Gym),Rainy,Green
16-Feb-10,Afghanistan,Canada,Afghanistan,1 run,Sharjah,Overcast,Wet
18-Feb-10,Kenya,Netherlands,Netherlands,80 runs,Nairobi (Gym),Overcast,Dry
18-Feb-10,Afghanistan,Canada,Canada,4 wickets,Sharjah,Rainy,Green
19-Feb-10,Australia,West Indies,Australia,125 runs,Melbourne,Rainy,Dusty
21-Feb-10,India,South Africa,India,1 run,Jaipur,Sunny,Green
24-Feb-10,India,South Africa,India,153 runs,Gwalior,Cold,Green
27-Feb-10,India,South Africa,South Africa,90 runs,Ahmedabad,Overcast,Dead
28-Feb-10,Bangladesh,England,England,6 wickets,Dhaka,Sunny,Dead
02-Mar-10,Bangladesh,England,England,2 wickets,Dhaka,Sunny,Dry
03-Mar-10,New Zealand,Australia,New Zealand,2 wickets,Napier,Sunny,Wet
04-Mar-10,West Indies,Zimbabwe,Zimbabwe,2 runs,Providence,Sunny,Green
05-Mar-10,Bangladesh,England,England,45 runs,Chittagong,Overcast,Green
06-Mar-10,New Zealand,Australia,Australia,12 runs,Auckland,Rainy,Dead
06-Mar-10,West Indies,Zimbabwe,West Indies,4 wickets,Providence,Sunny,Green
09-Mar-10,New Zealand,Australia,Australia,6 wickets,Hamilton,Sunny,Green
10-Mar-10,West Indies,Zimbabwe,West Indies,141 runs,Kingstown,Rainy,Dry
11-Mar-10,New Zealand,Australia,Australia,6 wickets,Auckland,Rainy,Wet
12-Mar-10,West Indies,Zimbabwe,West Indies,4 wickets,Kingstown,Rainy,Dusty
13-Mar-10,New Zealand,Australia,New Zealand,51 runs,Wellington,Cold,Dusty
14-Mar-10,West Indies,Zimbabwe,West Indies,4 wickets,Kingstown,Overcast,Dead
13-Apr-10,West Indies,Canada,West Indies,208 runs,Kingston,Rainy,Dead
15-Apr-10,West Indies,Ireland,West Indies,6 wickets,Kingston,Cold,Green
22-May-10,West Indies,South Africa,South Africa,66 runs,North Sound,Sunny,Green
24-May-10,West Indies,South Africa,South Africa,17 runs,North Sound,Sunny,Green
28-May-10,Zimbabwe,India,Zimbabwe,6 wickets,Bulawayo,Overcast,Wet
28-May-10,West Indies,South Africa,South Africa,67 runs,Roseau,Cold,Dead
30-May-10,India,Sri Lanka,India,7 wickets,Bulawayo,Sunny,Dry
30-May-10,West Indies,South Africa,South Africa,7 wickets,Roseau,Sunny,Wet
01-Jun-10,Zimbabwe,Sri Lanka,Sri Lanka,9 wickets,Bulawayo,Cold,Green
03-Jun-10,Zimbabwe,India,Zimbabwe,7 wickets,Harare,Overcast,Dead
03-Jun-10,West Indies,South Africa,South Africa,1 wicket,Port of Spain,Overcast,Green
05-Jun-10,India,Sri Lanka,Sri Lanka,6 wickets,Harare,Cold,Dead
07-Jun-10,Zimbabwe,Sri Lanka,Zimbabwe,8 wickets,Harare,Cold,Dusty
09-Jun-10,Zimbabwe,Sri Lanka,Sri Lanka,9 wickets,Harare,Sunny,Green
15-Jun-10,Sri Lanka,Pakistan,Sri Lanka,16 runs,Dambulla,Rainy,Wet
15-Jun-10,Netherlands,Scotland,Netherlands,6 wickets,Rotterdam,Sunny,Wet
16-Jun-10,Bangladesh,India,India,6 wickets,Dambulla,Overcast,Dry
17-Jun-10,Ireland,Australia,Australia,39 runs,Dublin,Rainy,Dusty
18-Jun-10,Sri Lanka,Bangladesh,Sri Lanka,126 runs,Dambulla,Sunny,Green
19-Jun-10,India,Pakistan,India,3 wickets,Dambulla,Overcast,Dusty
19-Jun-10,Scotland,England,England,7 wickets,Edinburgh,Rainy,Wet
21-Jun-10,Bangladesh,Pakistan,Pakistan,139 runs,Dambulla,Rainy,Dry
22-Jun-10,Sri Lanka,India,Sri Lanka,7 wickets,Dambulla,Overcast,Green
22-Jun-10,England,Australia,England,4 wickets,Southampton,Overcast,Dusty
24-Jun-10,Sri Lanka,India,India,81 runs,Dambulla,Rainy,Dead
24-Jun-10,England,Australia,England,4 wickets,Cardiff,Cold,Green
27-Jun-10,England,Australia,England,1 wicket,Manchester,Cold,Green
30-Jun-10,England,Australia,Australia,78 runs,The Oval,Overcast,Dusty
01-Jul-10,Afghanistan,Canada,Afghanistan,6 wickets,The Hague,Overcast,Dead
01-Jul-10,Ireland,Kenya,Ireland,7 wickets,Rotterdam,Cold,Dead
01-Jul-10,Netherlands,Scotland,Scotland,1 wicket,Amstelveen,Cold,Dry
"Jul 3-4, 2010",Afghanistan,Ireland,Ireland,39 runs,Rotterdam,Rainy,Dry
03-Jul-10,Canada,Scotland,Scotland,69 runs,Amstelveen,Cold,Dead
03-Jul-10,Netherlands,Kenya,Netherlands,117 runs,The Hague,Cold,Dusty
03-Jul-10,England,Australia,Australia,42 runs,Lord's,Sunny,Wet
05-Jul-10,Afghanistan,Kenya,Afghanistan,1 wicket,Amstelveen,Rainy,Dead
05-Jul-10,Ireland,Scotland,Ireland,5 wickets,The Hague,Overcast,Dead
05-Jul-10,Netherlands,Canada,Netherlands,7 wickets,Rotterdam,Cold,Dead
07-Jul-10,Canada,Ireland,Ireland,5 wickets,Amstelveen,Sunny,Dead
07-Jul-10,Kenya,Scotland,Scotland,6 runs,Rotterdam,Cold,Dry
07-Jul-10,Netherlands,Afghanistan,Afghanistan,6 wickets,The Hague,Rainy,Wet
08-Jul-10,England,Bangladesh,England,6 wickets,Nottingham,Rainy,Wet
09-Jul-10,Afghanistan,Scotland,Scotland,2 wickets,Rotterdam,Sunny,Dusty
09-Jul-10,Canada,Kenya,Canada,6 wickets,Schiedam,Rainy,Dusty
09-Jul-10,Netherlands,Ireland,Ireland,39 runs,Amstelveen,Cold,Green
10-Jul-10,Canada,Kenya,Canada,3 wickets,Schiedam,Overcast,Wet
10-Jul-10,Ireland,Scotland,Ireland,6 wickets,Amstelveen,Cold,Green
10-Jul-10,Netherlands,Afghanistan,Afghanistan,5 wickets,Rotterdam,Rainy,Wet
10-Jul-10,England,Bangladesh,Bangladesh,5 runs,Bristol,Rainy,Wet
12-Jul-10,England,Bangladesh,England,144 runs,Birmingham,Rainy,Green
15-Jul-10,Ireland,Bangladesh,Ireland,7 wickets,Belfast,Cold,Dry
16-Jul-10,Ireland,Bangladesh,Bangladesh,6 wickets,Belfast,Rainy,Dead
20-Jul-10,Bangladesh,Netherlands,Netherlands,6 wickets,Glasgow,Sunny,Green
10-Aug-10,India,New Zealand,New Zealand,200 runs,Dambulla,Sunny,Green
13-Aug-10,Sri Lanka,New Zealand,Sri Lanka,3 wickets,Dambulla,Overcast,Wet
16-Aug-10,Sri Lanka,India,India,6 wickets,Dambulla,Cold,Dead
16-Aug-10,Scotland,Afghanistan,Afghanistan,9 wickets,Ayr,Sunny,Wet
16-Aug-10,Ireland,Netherlands,Ireland,70 runs,Dublin,Overcast,Dry
17-Aug-10,Scotland,Afghanistan,Scotland,6 wickets,Ayr,Rainy,Green
18-Aug-10,Ireland,Netherlands,Ireland,9 wickets,Dublin,Cold,Green
"Aug 19-20, 2010",Sri Lanka,New Zealand,no result,,Dambulla,Sunny,Wet
22-Aug-10,Sri Lanka,India,Sri Lanka,8 wickets,Dambulla,Sunny,Dusty
25-Aug-10,India,New Zealand,India,105 runs,Dambulla,Overcast,Dry
28-Aug-10,Sri Lanka,India,Sri Lanka,74 runs,Dambulla,Cold,Wet
06-Sep-10,Canada,Ireland,Canada,4 runs,Toronto,Overcast,Wet
07-Sep-10,Canada,Ireland,Ireland,92 runs,Toronto,Rainy,Wet
10-Sep-10,England,Pakistan,England,24 runs,Chester-le-Street,Sunny,Dusty
12-Sep-10,England,Pakistan,England,4 wickets,Leeds,Cold,Dusty
17-Sep-10,England,Pakistan,Pakistan,23 runs,The Oval,Sunny,Dusty
20-Sep-10,England,Pakistan,Pakistan,38 runs,Lord's,Rainy,Green
22-Sep-10,England,Pakistan,England,121 runs,Southampton,Cold,Green
26-Sep-10,Zimbabwe,Ireland,Zimbabwe,2 wickets,Harare,Rainy,Dead
28-Sep-10,Zimbabwe,Ireland,Zimbabwe,3 wickets,Harare,Sunny,Dusty
30-Sep-10,Zimbabwe,Ireland,Ireland,20 runs,Harare,Cold,Dead
05-Oct-10,Bangladesh,New Zealand,Bangladesh,9 runs,Dhaka,Sunny,Dry
07-Oct-10,Kenya,Afghanistan,Kenya,92 runs,Nairobi (Gym),Cold,Wet
09-Oct-10,Kenya,Afghanistan,Afghanistan,6 wickets,Nairobi (Gym),Overcast,Green
11-Oct-10,Bangladesh,New Zealand,Bangladesh,7 wickets,Dhaka,Rainy,Dead
11-Oct-10,Kenya,Afghanistan,Kenya,8 wickets,Nairobi (Gym),Overcast,Dry
14-Oct-10,Bangladesh,New Zealand,Bangladesh,9 runs,Dhaka,Rainy,Dry
15-Oct-10,South Africa,Zimbabwe,South Africa,64 runs,Bloemfontein,Rainy,Dead
17-Oct-10,Bangladesh,New Zealand,Bangladesh,3 runs,Dhaka,Sunny,Dry
17-Oct-10,South Africa,Zimbabwe,South Africa,8 wickets,Potchefstroom,Cold,Dead
20-Oct-10,India,Australia,India,5 wickets,Visakhapatnam,Sunny,Dead
22-Oct-10,South Africa,Zimbabwe,South Africa,272 runs,Benoni,Overcast,Dry
29-Oct-10,Pakistan,South Africa,South Africa,8 wickets,Abu Dhabi,Rainy,Wet
31-Oct-10,Pakistan,South Africa,Pakistan,1 wicket,Abu Dhabi,Rainy,Dusty
02-Nov-10,Pakistan,South Africa,South Africa,2 runs,Dubai (DSC),Cold,Wet
03-Nov-10,Australia,Sri Lanka,Sri Lanka,1 wicket,Melbourne,Overcast,Dusty
05-Nov-10,Australia,Sri Lanka,Sri Lanka,29 runs,Sydney,Rainy,Dusty
05-Nov-10,Pakistan,South Africa,Pakistan,1 wicket,Dubai (DSC),Cold,Wet
07-Nov-10,Australia,Sri Lanka,Australia,8 wickets,Brisbane,Cold,Dry
08-Nov-10,Pakistan,South Africa,South Africa,57 runs,Dubai (DSC),Cold,Green
28-Nov-10,India,New Zealand,India,40 runs,Guwahati,Rainy,Wet
01-Dec-10,Bangladesh,Zimbabwe,Zimbabwe,9 runs,Dhaka,Cold,Dry
01-Dec-10,India,New Zealand,India,8 wickets,Jaipur,Cold,Dusty
03-Dec-10,Bangladesh,Zimbabwe,Bangladesh,6 wickets,Dhaka,Sunny,Wet
04-Dec-10,India,New Zealand,India,9 wickets,Vadodara,Cold,Dead
06-Dec-10,Bangladesh,Zimbabwe,Bangladesh,65 runs,Dhaka,Overcast,Dusty
07-Dec-10,India,New Zealand,India,5 wickets,Bengaluru,Rainy,Dusty
10-Dec-10,India,New Zealand,India,8 wickets,Chennai,Cold,Dusty
12-Dec-10,Bangladesh,Zimbabwe,Bangladesh,6 wickets,Chittagong,Overcast,Dry
12-Jan-11,South Africa,India,South Africa,135 runs,Durban,Rainy,Dusty
15-Jan-11,South Africa,India,India,1 run,Johannesburg,Overcast,Green
16-Jan-11,Australia,England,Australia,6 wickets,Melbourne,Sunny,Wet
18-Jan-11,South Africa,India,India,2 wickets,Cape Town,Cold,Green
21-Jan-11,Australia,England,Australia,46 runs,Hobart,Cold,Green
21-Jan-11,South Africa,India,South Africa,48 runs,Port Elizabeth,Overcast,Dusty
22-Jan-11,New Zealand,Pakistan,New Zealand,9 wickets,Wellington,Cold,Dead
23-Jan-11,Australia,England,Australia,4 wickets,Sydney,Overcast,Wet
23-Jan-11,South Africa,India,South Africa,33 runs,Centurion,Overcast,Dusty
26-Jan-11,New Zealand,Pakistan,no result,,Queenstown,Cold,Dusty
26-Jan-11,Australia,England,England,21 runs,Adelaide,Sunny,Green
29-Jan-11,New Zealand,Pakistan,Pakistan,43 runs,Christchurch,Rainy,Dead
30-Jan-11,Australia,England,Australia,51 runs,Brisbane,Cold,Dead
31-Jan-11,Sri Lanka,West Indies,no result,,Colombo (SSC),Cold,Dry
01-Feb-11,New Zealand,Pakistan,Pakistan,2 wickets,Napier,Overcast,Green
02-Feb-11,Australia,England,Australia,2 wickets,Sydney,Rainy,Dry
03-Feb-11,New Zealand,Pakistan,Pakistan,41 runs,Hamilton,Rainy,Dead
03-Feb-11,Sri Lanka,West Indies,Sri Lanka,8 wickets,Colombo (SSC),Overcast,Dead
05-Feb-11,New Zealand,Pakistan,New Zealand,57 runs,Auckland,Cold,Dry
06-Feb-11,Australia,England,Australia,57 runs,Perth,Cold,Green
06-Feb-11,Sri Lanka,West Indies,Sri Lanka,26 runs,Colombo (SSC),Cold,Dead
19-Feb-11,Bangladesh,India,India,87 runs,Dhaka,Cold,Dead
20-Feb-11,Kenya,New Zealand,New Zealand,10 wickets,Chennai,Cold,Dead
20-Feb-11,Sri Lanka,Canada,Sri Lanka,210 runs,Hambantota,Overcast,Dry
21-Feb-11,Australia,Zimbabwe,Australia,91 runs,Ahmedabad,Sunny,Green
22-Feb-11,England,Netherlands,England,6 wickets,Nagpur,Rainy,Green
23-Feb-11,Kenya,Pakistan,Pakistan,205 runs,Hambantota,Rainy,Dead
24-Feb-11,South Africa,West Indies,South Africa,7 wickets,Delhi,Overcast,Dry
25-Feb-11,Australia,New Zealand,Australia,7 wickets,Nagpur,Sunny,Dusty
25-Feb-11,Bangladesh,Ireland,Bangladesh,27 runs,Dhaka,Rainy,Wet
26-Feb-11,Sri Lanka,Pakistan,Pakistan,11 runs,Colombo (RPS),Overcast,Green
27-Feb-11,India,England,tied,,Bengaluru,Sunny,Dead
28-Feb-11,Canada,Zimbabwe,Zimbabwe,175 runs,Nagpur,Cold,Green
28-Feb-11,Netherlands,West Indies,West Indies,215 runs,Delhi,Sunny,Dry
01-Mar-11,Sri Lanka,Kenya,Sri Lanka,9 wickets,Colombo (RPS),Rainy,Dusty
02-Mar-11,England,Ireland,Ireland,3 wickets,Bengaluru,Sunny,Green
03-Mar-11,Netherlands,South Africa,South Africa,231 runs,Mohali,Rainy,Green
03-Mar-11,Canada,Pakistan,Pakistan,46 runs,Colombo (RPS),Overcast,Green
04-Mar-11,New Zealand,Zimbabwe,New Zealand,10 wickets,Ahmedabad,Sunny,Dusty
04-Mar-11,Bangladesh,West Indies,West Indies,9 wickets,Dhaka,Cold,Dry
05-Mar-11,Sri Lanka,Australia,no result,,Colombo (RPS),Rainy,Dead
06-Mar-11,England,South Africa,England,6 runs,Chennai,Cold,Wet
06-Mar-11,India,Ireland,India,5 wickets,Bengaluru,Sunny,Wet
07-Mar-11,Canada,Kenya,Canada,5 wickets,Delhi,Sunny,Dry
08-Mar-11,New Zealand,Pakistan,New Zealand,110 runs,Pallekele,Overcast,Dry
09-Mar-11,India,Netherlands,India,5 wickets,Delhi,Rainy,Dusty
10-Mar-11,Sri Lanka,Zimbabwe,Sri Lanka,139 runs,Pallekele,Rainy,Dusty
11-Mar-11,Ireland,West Indies,West Indies,44 runs,Mohali,Rainy,Dead
11-Mar-11,Bangladesh,England,Bangladesh,2 wickets,Chittagong,Sunny,Dusty
12-Mar-11,India,South Africa,South Africa,3 wickets,Nagpur,Rainy,Dead
13-Mar-11,Canada,New Zealand,New Zealand,97 runs,Mumbai,Sunny,Dead
13-Mar-11,Australia,Kenya,Australia,60 runs,Bengaluru,Overcast,Dry
14-Mar-11,Bangladesh,Netherlands,Bangladesh,6 wickets,Chittagong,Overcast,Wet
14-Mar-11,Pakistan,Zimbabwe,Pakistan,7 wickets,Pallekele,Rainy,Dusty
15-Mar-11,Ireland,South Africa,South Africa,131 runs,Kolkata,Overcast,Wet
16-Mar-11,Australia,Canada,Australia,7 wickets,Bengaluru,Overcast,Green
17-Mar-11,England,West Indies,England,18 runs,Chennai,Rainy,Green
18-Mar-11,Ireland,Netherlands,Ireland,6 wickets,Kolkata,Overcast,Dusty
18-Mar-11,New Zealand,Sri Lanka,Sri Lanka,112 runs,Mumbai,Sunny,Green
19-Mar-11,Bangladesh,South Africa,South Africa,206 runs,Dhaka,Cold,Wet
19-Mar-11,Australia,Pakistan,Pakistan,4 wickets,Colombo (RPS),Overcast,Green
20-Mar-11,Kenya,Zimbabwe,Zimbabwe,161 runs,Kolkata,Overcast,Dusty
20-Mar-11,India,West Indies,India,80 runs,Chennai,Overcast,Wet
23-Mar-11,Pakistan,West Indies,Pakistan,10 wickets,Dhaka,Overcast,Green
24-Mar-11,India,Australia,India,5 wickets,Ahmedabad,Cold,Dusty
25-Mar-11,New Zealand,South Africa,New Zealand,49 runs,Dhaka,Cold,Dusty
26-Mar-11,Sri Lanka,England,Sri Lanka,10 wickets,Colombo (RPS),Overcast,Dusty
29-Mar-11,Sri Lanka,New Zealand,Sri Lanka,5 wickets,Colombo (RPS),Overcast,Dry
30-Mar-11,India,Pakistan,India,29 runs,Mohali,Rainy,Green
02-Apr-11,India,Sri Lanka,India,6 wickets,Mumbai,Rainy,Dry
09-Apr-11,Bangladesh,Australia,Australia,60 runs,Dhaka,Overcast,Dusty
11-Apr-11,Bangladesh,Australia,Australia,9 wickets,Dhaka,Overcast,Wet
13-Apr-11,Bangladesh,Australia,Australia,66 runs,Dhaka,Rainy,Green
23-Apr-11,West Indies,Pakistan,Pakistan,8 wickets,Gros Islet,Cold,Dusty
25-Apr-11,West Indies,Pakistan,Pakistan,7 wickets,Gros Islet,Cold,Dead
28-Apr-11,West Indies,Pakistan,Pakistan,3 wickets,Bridgetown,Cold,Green
02-May-11,West Indies,Pakistan,West Indies,1 run,Bridgetown,Sunny,Dead
05-May-11,West Indies,Pakistan,West Indies,10 wickets,Providence,Sunny,Dry
28-May-11,Ireland,Pakistan,Pakistan,7 wickets,Belfast,Overcast,Dusty
30-May-11,Ireland,Pakistan,Pakistan,5 wickets,Belfast,Overcast,Green
06-Jun-11,West Indies,India,India,4 wickets,Port of Spain,Sunny,Wet
08-Jun-11,West Indies,India,India,7 wickets,Port of Spain,Cold,Dry
11-Jun-11,West Indies,India,India,3 wickets,North Sound,Cold,Wet
13-Jun-11,West Indies,India,West Indies,103 runs,North Sound,Rainy,Dry
16-Jun-11,West Indies,India,West Indies,7 wickets,Kingston,Rainy,Green
28-Jun-11,Scotland,Netherlands,Scotland,15 runs,Aberdeen,Sunny,Dusty
28-Jun-11,England,Sri Lanka,England,110 runs,The Oval,Cold,Green
29-Jun-11,Scotland,Netherlands,Scotland,5 wickets,Aberdeen,Overcast,Dead
01-Jul-11,England,Sri Lanka,Sri Lanka,69 runs,Leeds,Sunny,Dry
03-Jul-11,England,Sri Lanka,Sri Lanka,6 wickets,Lord's,Overcast,Dead
06-Jul-11,England,Sri Lanka,England,10 wickets,Nottingham,Overcast,Green
09-Jul-11,England,Sri Lanka,England,16 runs,Manchester,Rainy,Green
12-Jul-11,Scotland,Ireland,Scotland,5 wickets,Edinburgh,Overcast,Wet
13-Jul-11,Scotland,Sri Lanka,Sri Lanka,183 runs,Edinburgh,Overcast,Dead
07-Aug-11,Canada,Afghanistan,Afghanistan,2 wickets,King City (NW),Rainy,Wet
09-Aug-11,Canada,Afghanistan,Afghanistan,17 runs,Toronto,Sunny,Wet
10-Aug-11,Sri Lanka,Australia,Australia,7 wickets,Pallekele,Sunny,Green
12-Aug-11,Zimbabwe,Bangladesh,Zimbabwe,4 wickets,Harare,Rainy,Dusty
14-Aug-11,Zimbabwe,Bangladesh,Zimbabwe,7 wickets,Harare,Overcast,Dead
14-Aug-11,Sri Lanka,Australia,Australia,8 wickets,Hambantota,Sunny,Green
16-Aug-11,Zimbabwe,Bangladesh,Zimbabwe,5 runs,Harare,Overcast,Dead
16-Aug-11,Sri Lanka,Australia,Sri Lanka,78 runs,Hambantota,Cold,Dusty
19-Aug-11,Zimbabwe,Bangladesh,Bangladesh,6 wickets,Bulawayo,Overcast,Wet
20-Aug-11,Sri Lanka,Australia,Australia,5 wickets,Colombo (RPS),Sunny,Dry
21-Aug-11,Zimbabwe,Bangladesh,Bangladesh,93 runs,Bulawayo,Rainy,Dead
22-Aug-11,Sri Lanka,Australia,Sri Lanka,4 wickets,Colombo (RPS),Sunny,Wet
25-Aug-11,Ireland,England,England,11 runs,Dublin,Overcast,Dry
03-Sep-11,England,India,no result,,Chester-le-Street,Cold,Green
06-Sep-11,England,India,England,7 wickets,Southampton,Sunny,Dusty
08-Sep-11,Zimbabwe,Pakistan,Pakistan,5 runs,Bulawayo,Rainy,Dead
09-Sep-11,England,India,England,3 wickets,The Oval,Rainy,Wet
11-Sep-11,Zimbabwe,Pakistan,Pakistan,10 wickets,Harare,Sunny,Dusty
11-Sep-11,England,India,tied,,Lord's,Sunny,Dry
12-Sep-11,Netherlands,Kenya,Netherlands,2 wickets,The Hague,Overcast,Dry
13-Sep-11,Netherlands,Kenya,Netherlands,4 wickets,The Hague,Sunny,Dry
14-Sep-11,Zimbabwe,Pakistan,Pakistan,28 runs,Harare,Overcast,Wet
16-Sep-11,England,India,England,6 wickets,Cardiff,Overcast,Wet
19-Sep-11,Ireland,Canada,Ireland,133 runs,Dublin,Rainy,Dry
20-Sep-11,Ireland,Canada,Ireland,56 runs,Dublin,Overcast,Dry
13-Oct-11,Bangladesh,West Indies,West Indies,40 runs,Dhaka,Rainy,Green
14-Oct-11,India,England,India,126 runs,Hyderabad (Deccan),Sunny,Wet
15-Oct-11,Bangladesh,West Indies,West Indies,8 wickets,Dhaka,Sunny,Green
17-Oct-11,India,England,India,8 wickets,Delhi,Cold,Dusty
18-Oct-11,Bangladesh,West Indies,Bangladesh,8 wickets,Chittagong,Rainy,Dry
19-Oct-11,South Africa,Australia,Australia,93 runs,Centurion,Sunny,Dusty
20-Oct-11,Zimbabwe,New Zealand,New Zealand,9 wickets,Harare,Sunny,Dusty
20-Oct-11,India,England,India,5 wickets,Mohali,Cold,Wet
22-Oct-11,Zimbabwe,New Zealand,New Zealand,4 wickets,Harare,Cold,Dusty
23-Oct-11,India,England,India,6 wickets,Mumbai,Overcast,Green
23-Oct-11,South Africa,Australia,South Africa,80 runs,Port Elizabeth,Sunny,Wet
25-Oct-11,Zimbabwe,New Zealand,Zimbabwe,1 wicket,Bulawayo,Overcast,Dusty
25-Oct-11,India,England,India,95 runs,Kolkata,Sunny,Green
28-Oct-11,South Africa,Australia,Australia,3 wickets,Durban,Overcast,Wet
11-Nov-11,Pakistan,Sri Lanka,Pakistan,8 wickets,Dubai (DSC),Overcast,Dry
14-Nov-11,Pakistan,Sri Lanka,Sri Lanka,25 runs,Dubai (DSC),Cold,Dead
18-Nov-11,Pakistan,Sri Lanka,Pakistan,21 runs,Dubai (DSC),Overcast,Wet
20-Nov-11,Pakistan,Sri Lanka,Pakistan,26 runs,Sharjah,Rainy,Green
23-Nov-11,Pakistan,Sri Lanka,Pakistan,3 wickets,Abu Dhabi,Rainy,Wet
29-Nov-11,India,West Indies,India,1 wicket,Cuttack,Cold,Dead
01-Dec-11,Bangladesh,Pakistan,Pakistan,5 wickets,Dhaka,Cold,Dusty
02-Dec-11,India,West Indies,India,5 wickets,Visakhapatnam,Sunny,Wet
03-Dec-11,Bangladesh,Pakistan,Pakistan,76 runs,Dhaka,Cold,Dusty
05-Dec-11,India,West Indies,West Indies,16 runs,Ahmedabad,Rainy,Green
06-Dec-11,Bangladesh,Pakistan,Pakistan,58 runs,Chittagong,Rainy,Dry
08-Dec-11,India,West Indies,India,153 runs,Indore,Cold,Dry
11-Dec-11,India,West Indies,India,34 runs,Chennai,Sunny,Dead
11-Jan-12,South Africa,Sri Lanka,South Africa,258 runs,Paarl,Overcast,Dead
14-Jan-12,South Africa,Sri Lanka,South Africa,5 wickets,East London,Cold,Green
17-Jan-12,South Africa,Sri Lanka,South Africa,4 runs,Bloemfontein,Sunny,Dry
20-Jan-12,South Africa,Sri Lanka,Sri Lanka,5 wickets,Kimberley,Rainy,Dry
22-Jan-12,South Africa,Sri Lanka,Sri Lanka,2 wickets,Johannesburg,Sunny,Dry
03-Feb-12,New Zealand,Zimbabwe,New Zealand,90 runs,Dunedin,Sunny,Wet
05-Feb-12,Australia,India,Australia,65 runs,Melbourne,Rainy,Dusty
06-Feb-12,New Zealand,Zimbabwe,New Zealand,141 runs,Whangarei,Cold,Green
08-Feb-12,India,Sri Lanka,India,4 wickets,Perth,Rainy,Dead
09-Feb-12,New Zealand,Zimbabwe,New Zealand,202 runs,Napier,Cold,Dead
10-Feb-12,Australia,Sri Lanka,Australia,5 runs,Perth,Rainy,Wet
10-Feb-12,Afghanistan,Pakistan,Pakistan,7 wickets,Sharjah,Rainy,Green
12-Feb-12,Australia,India,India,4 wickets,Adelaide,Sunny,Dead
13-Feb-12,England,Pakistan,England,130 runs,Abu Dhabi,Rainy,Dusty
14-Feb-12,India,Sri Lanka,tied,,Adelaide,Cold,Dusty
15-Feb-12,England,Pakistan,England,20 runs,Abu Dhabi,Rainy,Wet
17-Feb-12,Australia,Sri Lanka,Sri Lanka,8 wickets,Sydney,Rainy,Green
18-Feb-12,Kenya,Ireland,Kenya,7 wickets,Mombasa,Rainy,Dead
18-Feb-12,England,Pakistan,England,9 wickets,Dubai (DSC),Rainy,Dusty
19-Feb-12,Australia,India,Australia,110 runs,Brisbane,Sunny,Dead
20-Feb-12,Kenya,Ireland,Ireland,117 runs,Mombasa,Cold,Wet
21-Feb-12,India,Sri Lanka,Sri Lanka,51 runs,Brisbane,Rainy,Wet
21-Feb-12,England,Pakistan,England,4 wickets,Dubai (DSC),Cold,Green
24-Feb-12,Australia,Sri Lanka,Sri Lanka,3 wickets,Hobart,Overcast,Dry
25-Feb-12,New Zealand,South Africa,South Africa,6 wickets,Wellington,Cold,Wet
26-Feb-12,Australia,India,Australia,87 runs,Sydney,Overcast,Wet
28-Feb-12,India,Sri Lanka,India,7 wickets,Hobart,Cold,Dusty
29-Feb-12,New Zealand,South Africa,South Africa,6 wickets,Napier,Cold,Wet
02-Mar-12,Australia,Sri Lanka,Sri Lanka,9 runs,Melbourne,Cold,Dry
03-Mar-12,New Zealand,South Africa,South Africa,5 wickets,Auckland,Overcast,Wet
04-Mar-12,Australia,Sri Lanka,Australia,15 runs,Brisbane,Rainy,Wet
06-Mar-12,Australia,Sri Lanka,Sri Lanka,8 wickets,Adelaide,Sunny,Dusty
08-Mar-12,Australia,Sri Lanka,Australia,16 runs,Adelaide,Overcast,Green
11-Mar-12,Bangladesh,Pakistan,Pakistan,21 runs,Dhaka,Overcast,Dusty
13-Mar-12,India,Sri Lanka,India,50 runs,Dhaka,Sunny,Dusty
15-Mar-12,Pakistan,Sri Lanka,Pakistan,6 wickets,Dhaka,Overcast,Dusty
16-Mar-12,Bangladesh,India,Bangladesh,5 wickets,Dhaka,Rainy,Dry
16-Mar-12,West Indies,Australia,Australia,64 runs,Kingstown,Rainy,Dusty
18-Mar-12,India,Pakistan,India,6 wickets,Dhaka,Cold,Wet
18-Mar-12,West Indies,Australia,West Indies,5 wickets,Kingstown,Cold,Wet
20-Mar-12,Bangladesh,Sri Lanka,Bangladesh,5 wickets,Dhaka,Cold,Dusty
20-Mar-12,West Indies,Australia,tied,,Kingstown,Cold,Dry
22-Mar-12,Bangladesh,Pakistan,Pakistan,2 runs,Dhaka,Sunny,Dead
23-Mar-12,West Indies,Australia,West Indies,42 runs,Gros Islet,Overcast,Dusty
25-Mar-12,West Indies,Australia,Australia,30 runs,Gros Islet,Rainy,Dead
29-Mar-12,Afghanistan,Netherlands,Netherlands,9 wickets,Sharjah,Sunny,Dry
31-Mar-12,Afghanistan,Netherlands,Afghanistan,5 wickets,Sharjah,Sunny,Dry
07-Jun-12,Sri Lanka,Pakistan,Pakistan,6 wickets,Pallekele,Overcast,Dry
09-Jun-12,Sri Lanka,Pakistan,Sri Lanka,76 runs,Pallekele,Overcast,Dead
13-Jun-12,Sri Lanka,Pakistan,no result,,Colombo (RPS),Rainy,Wet
16-Jun-12,Sri Lanka,Pakistan,Sri Lanka,44 runs,Colombo (RPS),Sunny,Dry
16-Jun-12,England,West Indies,England,114 runs,Southampton,Rainy,Dead
18-Jun-12,Sri Lanka,Pakistan,Sri Lanka,2 wickets,Colombo (RPS),Overcast,Dry
19-Jun-12,England,West Indies,England,8 wickets,The Oval,Cold,Dusty
23-Jun-12,Ireland,Australia,no result,,Belfast,Overcast,Green
29-Jun-12,England,Australia,England,15 runs,Lord's,Cold,Wet
01-Jul-12,England,Australia,England,6 wickets,The Oval,Sunny,Dead
05-Jul-12,Ireland,Afghanistan,Ireland,59 runs,Dublin,Rainy,Wet
05-Jul-12,West Indies,New Zealand,West Indies,9 wickets,Kingston,Rainy,Dead
07-Jul-12,England,Australia,England,8 wickets,Chester-le-Street,Sunny,Dead
07-Jul-12,West Indies,New Zealand,West Indies,55 runs,Kingston,Rainy,Dead
10-Jul-12,England,Australia,England,7 wickets,Manchester,Sunny,Dead
"Jul 11-12, 2012",Scotland,Canada,Scotland,4 wickets,Ayr,Cold,Wet
11-Jul-12,West Indies,New Zealand,New Zealand,88 runs,Basseterre,Sunny,Dead
14-Jul-12,West Indies,New Zealand,West Indies,24 runs,Basseterre,Sunny,Dead
16-Jul-12,West Indies,New Zealand,West Indies,20 runs,Basseterre,Cold,Dead
21-Jul-12,Sri Lanka,India,India,21 runs,Hambantota,Cold,Dead
24-Jul-12,Sri Lanka,India,Sri Lanka,9 wickets,Hambantota,Overcast,Green
28-Jul-12,Sri Lanka,India,India,5 wickets,Colombo (RPS),Cold,Wet
31-Jul-12,Sri Lanka,India,India,6 wickets,Colombo (RPS),Rainy,Dry
04-Aug-12,Sri Lanka,India,India,20 runs,Pallekele,Overcast,Wet
24-Aug-12,England,South Africa,no result,,Cardiff,Sunny,Dry
25-Aug-12,Afghanistan,Australia,Australia,66 runs,Sharjah,Cold,Green
28-Aug-12,England,South Africa,South Africa,80 runs,Southampton,Sunny,Dead
28-Aug-12,Australia,Pakistan,Australia,4 wickets,Sharjah,Rainy,Wet
31-Aug-12,England,South Africa,England,4 wickets,The Oval,Cold,Wet
31-Aug-12,Australia,Pakistan,Pakistan,7 wickets,Abu Dhabi,Rainy,Dusty
02-Sep-12,England,South Africa,England,6 wickets,Lord's,Rainy,Dry
03-Sep-12,Australia,Pakistan,Australia,3 wickets,Sharjah,Overcast,Dead
05-Sep-12,England,South Africa,South Africa,7 wickets,Nottingham,Cold,Dead
04-Nov-12,Sri Lanka,New Zealand,Sri Lanka,14 runs,Pallekele,Cold,Dusty
06-Nov-12,Sri Lanka,New Zealand,Sri Lanka,7 wickets,Pallekele,Sunny,Dead
10-Nov-12,Sri Lanka,New Zealand,Sri Lanka,7 wickets,Hambantota,Overcast,Green
12-Nov-12,Sri Lanka,New Zealand,no result,,Hambantota,Cold,Dead
30-Nov-12,Bangladesh,West Indies,Bangladesh,7 wickets,Khulna,Cold,Dry
02-Dec-12,Bangladesh,West Indies,Bangladesh,160 runs,Khulna,Overcast,Green
05-Dec-12,Bangladesh,West Indies,West Indies,4 wickets,Dhaka,Overcast,Green
07-Dec-12,Bangladesh,West Indies,West Indies,75 runs,Dhaka,Cold,Dead
08-Dec-12,Bangladesh,West Indies,Bangladesh,2 wickets,Dhaka,Cold,Wet
30-Dec-12,India,Pakistan,Pakistan,6 wickets,Chennai,Overcast,Dead
03-Jan-13,India,Pakistan,Pakistan,85 runs,Kolkata,Overcast,Green
06-Jan-13,India,Pakistan,India,10 runs,Delhi,Sunny,Dusty
11-Jan-13,Australia,Sri Lanka,Australia,107 runs,Melbourne,Sunny,Green
11-Jan-13,India,England,England,9 runs,Rajkot,Sunny,Dead
13-Jan-13,Australia,Sri Lanka,Sri Lanka,8 wickets,Adelaide,Overcast,Wet
15-Jan-13,India,England,India,127 runs,Kochi,Overcast,Green
18-Jan-13,Australia,Sri Lanka,Sri Lanka,4 wickets,Brisbane,Rainy,Green
19-Jan-13,India,England,India,7 wickets,Ranchi,Rainy,Dry
19-Jan-13,South Africa,New Zealand,New Zealand,1 wicket,Paarl,Rainy,Wet
20-Jan-13,Australia,Sri Lanka,no result,,Sydney,Overcast,Dry
22-Jan-13,South Africa,New Zealand,New Zealand,27 runs,Kimberley,Cold,Green
23-Jan-13,Australia,Sri Lanka,Australia,32 runs,Hobart,Sunny,Dry
23-Jan-13,India,England,India,5 wickets,Mohali,Rainy,Green
25-Jan-13,South Africa,New Zealand,South Africa,1 wicket,Potchefstroom,Cold,Dry
27-Jan-13,India,England,England,7 wickets,Dharamsala,Cold,Wet
01-Feb-13,Australia,West Indies,Australia,9 wickets,Perth,Sunny,Dead
03-Feb-13,Australia,West Indies,Australia,54 runs,Perth,Sunny,Wet
06-Feb-13,Australia,West Indies,Australia,39 runs,Canberra,Rainy,Dusty
08-Feb-13,Australia,West Indies,Australia,5 wickets,Sydney,Rainy,Green
10-Feb-13,Australia,West Indies,Australia,17 runs,Melbourne,Sunny,Dusty
17-Feb-13,New Zealand,England,New Zealand,3 wickets,Hamilton,Cold,Dry
20-Feb-13,New Zealand,England,England,8 wickets,Napier,Rainy,Dead
22-Feb-13,West Indies,Zimbabwe,West Indies,156 runs,St George's,Sunny,Dead
23-Feb-13,New Zealand,England,England,5 wickets,Auckland,Rainy,Wet
24-Feb-13,West Indies,Zimbabwe,West Indies,7 wickets,St George's,Sunny,Dead
26-Feb-13,West Indies,Zimbabwe,West Indies,5 wickets,St George's,Sunny,Green
06-Mar-13,Afghanistan,Scotland,Afghanistan,7 wickets,Sharjah,Rainy,Dusty
08-Mar-13,Afghanistan,Scotland,Afghanistan,5 wickets,Sharjah,Rainy,Dead
10-Mar-13,South Africa,Pakistan,South Africa,125 runs,Bloemfontein,Overcast,Dead
11-Mar-13,Canada,Kenya,Kenya,6 wickets,ICCA Dubai,Cold,Dead
13-Mar-13,Canada,Kenya,Kenya,6 wickets,ICCA Dubai,Overcast,Dusty
15-Mar-13,South Africa,Pakistan,Pakistan,6 wickets,Centurion,Cold,Dry
17-Mar-13,South Africa,Pakistan,South Africa,34 runs,Johannesburg,Cold,Dead
21-Mar-13,South Africa,Pakistan,Pakistan,3 wickets,Durban,Rainy,Dry
23-Mar-13,Sri Lanka,Bangladesh,Sri Lanka,8 wickets,Hambantota,Rainy,Dusty
24-Mar-13,South Africa,Pakistan,South Africa,6 wickets,Benoni,Overcast,Dead
25-Mar-13,Sri Lanka,Bangladesh,no result,,Hambantota,Cold,Green
28-Mar-13,Sri Lanka,Bangladesh,Bangladesh,3 wickets,Pallekele,Sunny,Green
03-May-13,Zimbabwe,Bangladesh,Bangladesh,121 runs,Bulawayo,Sunny,Dry
05-May-13,Zimbabwe,Bangladesh,Zimbabwe,6 wickets,Bulawayo,Cold,Dry
08-May-13,Zimbabwe,Bangladesh,Zimbabwe,7 wickets,Bulawayo,Rainy,Dry
17-May-13,Scotland,Pakistan,Pakistan,96 runs,Edinburgh,Cold,Dead
23-May-13,Ireland,Pakistan,tied,,Dublin,Sunny,Dead
26-May-13,Ireland,Pakistan,Pakistan,2 wickets,Dublin,Overcast,Green
31-May-13,Netherlands,South Africa,South Africa,83 runs,Amstelveen,Cold,Green
31-May-13,England,New Zealand,New Zealand,5 wickets,Lord's,Rainy,Green
02-Jun-13,England,New Zealand,New Zealand,86 runs,Southampton,Overcast,Green
05-Jun-13,England,New Zealand,England,34 runs,Nottingham,Sunny,Dead
06-Jun-13,India,South Africa,India,26 runs,Cardiff,Cold,Dry
07-Jun-13,Pakistan,West Indies,West Indies,2 wickets,The Oval,Overcast,Dry
08-Jun-13,England,Australia,England,48 runs,Birmingham,Overcast,Dusty
09-Jun-13,New Zealand,Sri Lanka,New Zealand,1 wicket,Cardiff,Overcast,Dry
10-Jun-13,Pakistan,South Africa,South Africa,67 runs,Birmingham,Cold,Dry
11-Jun-13,India,West Indies,India,8 wickets,The Oval,Cold,Dead
12-Jun-13,Australia,New Zealand,no result,,Birmingham,Cold,Dusty
13-Jun-13,England,Sri Lanka,Sri Lanka,7 wickets,The Oval,Rainy,Dead
14-Jun-13,South Africa,West Indies,tied,,Cardiff,Overcast,Wet
15-Jun-13,India,Pakistan,India,8 wickets,Birmingham,Sunny,Green
16-Jun-13,England,New Zealand,England,10 runs,Cardiff,Cold,Dusty
17-Jun-13,Australia,Sri Lanka,Sri Lanka,20 runs,The Oval,Overcast,Dead
19-Jun-13,England,South Africa,England,7 wickets,The Oval,Sunny,Dead
20-Jun-13,India,Sri Lanka,India,8 wickets,Cardiff,Overcast,Dead
23-Jun-13,England,India,India,5 runs,Birmingham,Rainy,Dusty
28-Jun-13,West Indies,Sri Lanka,West Indies,6 wickets,Kingston,Rainy,Dry
30-Jun-13,Scotland,Kenya,Scotland,12 runs,Aberdeen,Sunny,Dead
30-Jun-13,West Indies,India,West Indies,1 wicket,Kingston,Rainy,Wet
"Jul 2-3, 2013",Scotland,Kenya,Scotland,4 wickets,Aberdeen,Overcast,Dead
02-Jul-13,India,Sri Lanka,Sri Lanka,161 runs,Kingston,Sunny,Dusty
05-Jul-13,West Indies,India,India,102 runs,Port of Spain,Sunny,Dead
07-Jul-13,Netherlands,Ireland,Ireland,88 runs,Amstelveen,Cold,Dry
"Jul 7-8, 2013",West Indies,Sri Lanka,Sri Lanka,39 runs,Port of Spain,Cold,Dry
09-Jul-13,Netherlands,Ireland,tied,,Amstelveen,Rainy,Dusty
09-Jul-13,India,Sri Lanka,India,81 runs,Port of Spain,Cold,Dusty
11-Jul-13,India,Sri Lanka,India,1 wicket,Port of Spain,Cold,Dead
14-Jul-13,West Indies,Pakistan,Pakistan,126 runs,Providence,Sunny,Dead
16-Jul-13,West Indies,Pakistan,West Indies,37 runs,Providence,Rainy,Dry
19-Jul-13,West Indies,Pakistan,tied,,Gros Islet,Cold,Wet
20-Jul-13,Sri Lanka,South Africa,Sri Lanka,180 runs,Colombo (RPS),Overcast,Dry
21-Jul-13,West Indies,Pakistan,Pakistan,6 wickets,Gros Islet,Overcast,Wet
23-Jul-13,Sri Lanka,South Africa,Sri Lanka,17 runs,Colombo (RPS),Cold,Green
24-Jul-13,Zimbabwe,India,India,6 wickets,Harare,Sunny,Dusty
24-Jul-13,West Indies,Pakistan,Pakistan,4 wickets,Gros Islet,Cold,Dead
26-Jul-13,Zimbabwe,India,India,58 runs,Harare,Sunny,Dry
26-Jul-13,Sri Lanka,South Africa,South Africa,56 runs,Pallekele,Cold,Dead
28-Jul-13,Zimbabwe,India,India,7 wickets,Harare,Overcast,Dusty
28-Jul-13,Sri Lanka,South Africa,Sri Lanka,8 wickets,Pallekele,Sunny,Dry
31-Jul-13,Sri Lanka,South Africa,Sri Lanka,128 runs,Colombo (RPS),Overcast,Wet
01-Aug-13,Zimbabwe,India,India,9 wickets,Bulawayo,Rainy,Green
03-Aug-13,Zimbabwe,India,India,7 wickets,Bulawayo,Cold,Dry
27-Aug-13,Zimbabwe,Pakistan,Zimbabwe,7 wickets,Harare,Cold,Dusty
"Aug 27-28, 2013",Canada,Netherlands,no result,,King City (NW),Overcast,Dead
29-Aug-13,Zimbabwe,Pakistan,Pakistan,90 runs,Harare,Sunny,Dead
29-Aug-13,Canada,Netherlands,Netherlands,9 wickets,King City (NW),Cold,Wet
31-Aug-13,Zimbabwe,Pakistan,Pakistan,108 runs,Harare,Overcast,Green
03-Sep-13,Ireland,England,England,6 wickets,Dublin (Malahide),Cold,Dusty
03-Sep-13,Scotland,Australia,Australia,200 runs,Edinburgh,Overcast,Dusty
06-Sep-13,Ireland,Scotland,Ireland,1 wicket,Belfast,Cold,Green
08-Sep-13,England,Australia,Australia,88 runs,Manchester,Sunny,Dusty
08-Sep-13,Ireland,Scotland,Ireland,7 wickets,Belfast,Sunny,Wet
11-Sep-13,England,Australia,no result,,Birmingham,Cold,Green
14-Sep-13,England,Australia,England,3 wickets,Cardiff,Cold,Green
16-Sep-13,England,Australia,Australia,49 runs,Southampton,Overcast,Dead
02-Oct-13,Afghanistan,Kenya,Afghanistan,8 wickets,Sharjah,Rainy,Dry
04-Oct-13,Afghanistan,Kenya,Afghanistan,7 wickets,Sharjah,Sunny,Dry
13-Oct-13,India,Australia,Australia,72 runs,Pune,Overcast,Dusty
16-Oct-13,India,Australia,India,9 wickets,Jaipur,Overcast,Dry
19-Oct-13,India,Australia,Australia,4 wickets,Mohali,Cold,Dry
23-Oct-13,India,Australia,no result,,Ranchi,Rainy,Dusty
29-Oct-13,Bangladesh,New Zealand,Bangladesh,43 runs,Dhaka,Cold,Dry
30-Oct-13,India,Australia,India,6 wickets,Nagpur,Cold,Green
30-Oct-13,Pakistan,South Africa,South Africa,1 run,Sharjah,Cold,Wet
31-Oct-13,Bangladesh,New Zealand,Bangladesh,40 runs,Dhaka,Rainy,Dead
01-Nov-13,Pakistan,South Africa,Pakistan,66 runs,Dubai (DSC),Cold,Dusty
02-Nov-13,India,Australia,India,57 runs,Bengaluru,Rainy,Dead
03-Nov-13,Bangladesh,New Zealand,Bangladesh,4 wickets,Fatullah,Cold,Wet
06-Nov-13,Pakistan,South Africa,South Africa,68 runs,Abu Dhabi,Rainy,Dusty
08-Nov-13,Pakistan,South Africa,South Africa,28 runs,Abu Dhabi,Cold,Dusty
10-Nov-13,Sri Lanka,New Zealand,no result,,Hambantota,Overcast,Dead
11-Nov-13,Pakistan,South Africa,South Africa,117 runs,Sharjah,Overcast,Dusty
12-Nov-13,Sri Lanka,New Zealand,New Zealand,4 wickets,Hambantota,Overcast,Dead
16-Nov-13,Sri Lanka,New Zealand,Sri Lanka,36 runs,Dambulla,Overcast,Wet
21-Nov-13,India,West Indies,India,6 wickets,Kochi,Cold,Dry
24-Nov-13,India,West Indies,West Indies,2 wickets,Visakhapatnam,Sunny,Wet
24-Nov-13,South Africa,Pakistan,Pakistan,23 runs,Cape Town,Sunny,Dead
27-Nov-13,India,West Indies,India,5 wickets,Kanpur,Sunny,Dusty
27-Nov-13,South Africa,Pakistan,Pakistan,1 run,Port Elizabeth,Overcast,Green
30-Nov-13,South Africa,Pakistan,South Africa,4 wickets,Centurion,Overcast,Wet
05-Dec-13,South Africa,India,South Africa,141 runs,Johannesburg,Sunny,Wet
08-Dec-13,South Africa,India,South Africa,134 runs,Durban,Sunny,Green
11-Dec-13,South Africa,India,no result,,Centurion,Cold,Dusty
18-Dec-13,Pakistan,Sri Lanka,Pakistan,11 runs,Sharjah,Sunny,Dusty
20-Dec-13,Pakistan,Sri Lanka,Sri Lanka,2 wickets,Dubai (DSC),Cold,Dead
22-Dec-13,Pakistan,Sri Lanka,Pakistan,113 runs,Sharjah,Sunny,Wet
25-Dec-13,Pakistan,Sri Lanka,Pakistan,8 wickets,Abu Dhabi,Cold,Green
26-Dec-13,New Zealand,West Indies,West Indies,2 wickets,Auckland,Overcast,Wet
27-Dec-13,Pakistan,Sri Lanka,Sri Lanka,2 wickets,Abu Dhabi,Overcast,Dry
01-Jan-14,New Zealand,West Indies,New Zealand,159 runs,Queenstown,Sunny,Green
04-Jan-14,New Zealand,West Indies,New Zealand,58 runs,Nelson,Cold,Wet
08-Jan-14,New Zealand,West Indies,West Indies,203 runs,Hamilton,Sunny,Dry
12-Jan-14,Australia,England,Australia,6 wickets,Melbourne,Sunny,Dead
17-Jan-14,Australia,England,Australia,1 wicket,Brisbane,Cold,Wet
19-Jan-14,New Zealand,India,New Zealand,24 runs,Napier,Cold,Dead
19-Jan-14,Australia,England,Australia,7 wickets,Sydney,Sunny,Dead
22-Jan-14,New Zealand,India,New Zealand,15 runs,Hamilton,Overcast,Dry
23-Jan-14,Canada,Scotland,Scotland,170 runs,Christchurch,Cold,Dry
23-Jan-14,Kenya,Netherlands,Kenya,4 wickets,Lincoln,Rainy,Dry
24-Jan-14,Australia,England,England,57 runs,Perth,Overcast,Dry
25-Jan-14,New Zealand,India,tied,,Auckland,Overcast,Dead
26-Jan-14,Australia,England,Australia,5 runs,Adelaide,Cold,Dead
28-Jan-14,Canada,Netherlands,Netherlands,8 wickets,Mount Maunganui,Rainy,Wet
28-Jan-14,New Zealand,India,New Zealand,7 wickets,Hamilton,Rainy,Dry
30-Jan-14,Kenya,Scotland,Scotland,3 wickets,Christchurch,Overcast,Wet
31-Jan-14,New Zealand,India,New Zealand,87 runs,Wellington,Sunny,Dead
01-Feb-14,Scotland,U.A.E.,Scotland,41 runs,Lincoln,Cold,Dusty
17-Feb-14,Bangladesh,Sri Lanka,Sri Lanka,13 runs,Dhaka,Cold,Green
20-Feb-14,Bangladesh,Sri Lanka,Sri Lanka,61 runs,Dhaka,Rainy,Dusty
22-Feb-14,Bangladesh,Sri Lanka,Sri Lanka,6 wickets,Dhaka,Cold,Dry
23-Feb-14,West Indies,Ireland,West Indies,4 wickets,Kingston,Rainy,Dry
25-Feb-14,Pakistan,Sri Lanka,Sri Lanka,12 runs,Fatullah,Sunny,Green
26-Feb-14,Bangladesh,India,India,6 wickets,Fatullah,Cold,Dead
27-Feb-14,Afghanistan,Pakistan,Pakistan,72 runs,Fatullah,Rainy,Dry
28-Feb-14,India,Sri Lanka,Sri Lanka,2 wickets,Fatullah,Sunny,Dry
28-Feb-14,West Indies,England,West Indies,15 runs,North Sound,Cold,Wet
01-Mar-14,Bangladesh,Afghanistan,Afghanistan,32 runs,Fatullah,Overcast,Wet
02-Mar-14,India,Pakistan,Pakistan,1 wicket,Dhaka,Cold,Dry
02-Mar-14,West Indies,England,England,3 wickets,North Sound,Rainy,Dry
03-Mar-14,Afghanistan,Sri Lanka,Sri Lanka,129 runs,Dhaka,Cold,Wet
04-Mar-14,Bangladesh,Pakistan,Pakistan,3 wickets,Dhaka,Rainy,Wet
05-Mar-14,Afghanistan,India,India,8 wickets,Dhaka,Sunny,Wet
05-Mar-14,West Indies,England,England,25 runs,North Sound,Rainy,Dead
06-Mar-14,Bangladesh,Sri Lanka,Sri Lanka,3 wickets,Dhaka,Overcast,Green
08-Mar-14,Pakistan,Sri Lanka,Sri Lanka,5 wickets,Dhaka,Sunny,Dead
01-May-14,Afghanistan,Hong Kong,Afghanistan,6 wickets,Kuala Lumpur,Rainy,Wet
02-May-14,Afghanistan,U.A.E.,Afghanistan,70 runs,Kuala Lumpur,Rainy,Wet
04-May-14,Hong Kong,U.A.E.,U.A.E.,2 wickets,Kuala Lumpur,Rainy,Dry
06-May-14,Ireland,Sri Lanka,Sri Lanka,79 runs,Dublin,Cold,Dusty
09-May-14,Scotland,England,England,39 runs,Aberdeen,Sunny,Dry
22-May-14,England,Sri Lanka,England,81 runs,The Oval,Overcast,Green
25-May-14,England,Sri Lanka,Sri Lanka,157 runs,Chester-le-Street,Sunny,Dusty
28-May-14,England,Sri Lanka,England,10 wickets,Manchester,Overcast,Green
31-May-14,England,Sri Lanka,Sri Lanka,7 runs,Lord's,Rainy,Dusty
03-Jun-14,England,Sri Lanka,Sri Lanka,6 wickets,Birmingham,Cold,Wet
15-Jun-14,Bangladesh,India,India,7 wickets,Dhaka,Rainy,Dry
17-Jun-14,Bangladesh,India,India,47 runs,Dhaka,Overcast,Wet
19-Jun-14,Bangladesh,India,no result,,Dhaka,Cold,Green
06-Jul-14,Sri Lanka,South Africa,South Africa,75 runs,Colombo (RPS),Cold,Wet
09-Jul-14,Sri Lanka,South Africa,Sri Lanka,87 runs,Pallekele,Overcast,Green
12-Jul-14,Sri Lanka,South Africa,South Africa,82 runs,Hambantota,Overcast,Wet
18-Jul-14,Zimbabwe,Afghanistan,Zimbabwe,6 wickets,Bulawayo,Rainy,Green
20-Jul-14,Zimbabwe,Afghanistan,Zimbabwe,8 wickets,Bulawayo,Sunny,Dusty
22-Jul-14,Zimbabwe,Afghanistan,Afghanistan,2 wickets,Bulawayo,Sunny,Dead
24-Jul-14,Zimbabwe,Afghanistan,Afghanistan,100 runs,Bulawayo,Overcast,Green
17-Aug-14,Zimbabwe,South Africa,South Africa,93 runs,Bulawayo,Sunny,Dead
19-Aug-14,Zimbabwe,South Africa,South Africa,61 runs,Bulawayo,Cold,Wet
20-Aug-14,West Indies,Bangladesh,West Indies,3 wickets,St George's,Sunny,Green
21-Aug-14,Zimbabwe,South Africa,South Africa,7 wickets,Bulawayo,Rainy,Green
22-Aug-14,West Indies,Bangladesh,West Indies,177 runs,St George's,Rainy,Dry
23-Aug-14,Sri Lanka,Pakistan,Pakistan,4 wickets,Hambantota,Rainy,Dead
25-Aug-14,Zimbabwe,Australia,Australia,198 runs,Harare,Overcast,Wet
25-Aug-14,West Indies,Bangladesh,West Indies,91 runs,Basseterre,Rainy,Green
26-Aug-14,Sri Lanka,Pakistan,Sri Lanka,77 runs,Hambantota,Sunny,Dead
27-Aug-14,Australia,South Africa,South Africa,7 wickets,Harare,Sunny,Wet
27-Aug-14,England,India,India,133 runs,Cardiff,Overcast,Wet
29-Aug-14,Zimbabwe,South Africa,South Africa,61 runs,Harare,Rainy,Dusty
30-Aug-14,Sri Lanka,Pakistan,Sri Lanka,7 wickets,Dambulla,Cold,Dead
30-Aug-14,England,India,India,6 wickets,Nottingham,Rainy,Dusty
31-Aug-14,Zimbabwe,Australia,Zimbabwe,3 wickets,Harare,Rainy,Green
02-Sep-14,Australia,South Africa,Australia,62 runs,Harare,Sunny,Dry
02-Sep-14,England,India,India,9 wickets,Birmingham,Overcast,Dusty
04-Sep-14,Zimbabwe,South Africa,South Africa,63 runs,Harare,Cold,Dusty
05-Sep-14,England,India,England,41 runs,Leeds,Cold,Dusty
06-Sep-14,Australia,South Africa,South Africa,6 wickets,Harare,Cold,Wet
08-Sep-14,Ireland,Scotland,Ireland,7 wickets,Dublin (Malahide),Cold,Wet
10-Sep-14,Ireland,Scotland,Ireland,3 wickets,Dublin (Malahide),Cold,Dead
12-Sep-14,Ireland,Scotland,Scotland,8 wickets,Dublin (Malahide),Sunny,Dusty
07-Oct-14,Australia,Pakistan,Australia,93 runs,Sharjah,Overcast,Dusty
08-Oct-14,India,West Indies,West Indies,124 runs,Kochi,Rainy,Wet
10-Oct-14,Australia,Pakistan,Australia,5 wickets,Dubai (DSC),Overcast,Green
11-Oct-14,India,West Indies,India,48 runs,Delhi,Overcast,Green
12-Oct-14,Australia,Pakistan,Australia,1 run,Abu Dhabi,Overcast,Green
17-Oct-14,India,West Indies,India,59 runs,Dharamsala,Cold,Wet
21-Oct-14,New Zealand,South Africa,South Africa,6 wickets,Mount Maunganui,Rainy,Dry
24-Oct-14,New Zealand,South Africa,South Africa,72 runs,Mount Maunganui,Rainy,Dry
27-Oct-14,New Zealand,South Africa,no result,,Hamilton,Rainy,Dry
02-Nov-14,India,Sri Lanka,India,169 runs,Cuttack,Rainy,Green
06-Nov-14,India,Sri Lanka,India,6 wickets,Ahmedabad,Sunny,Dusty
08-Nov-14,Hong Kong,P.N.G.,P.N.G.,4 wickets,Townsville,Sunny,Dusty
09-Nov-14,Hong Kong,P.N.G.,P.N.G.,3 wickets,Townsville,Overcast,Dead
09-Nov-14,India,Sri Lanka,India,6 wickets,Hyderabad (Deccan),Overcast,Dry
13-Nov-14,India,Sri Lanka,India,153 runs,Kolkata,Rainy,Green
14-Nov-14,Australia,South Africa,Australia,32 runs,Perth,Rainy,Dry
16-Nov-14,Australia,South Africa,South Africa,3 wickets,Perth,Overcast,Dry
16-Nov-14,India,Sri Lanka,India,3 wickets,Ranchi,Sunny,Dry
19-Nov-14,Australia,South Africa,Australia,73 runs,Canberra,Cold,Dead
21-Nov-14,Australia,South Africa,Australia,3 wickets,Melbourne,Overcast,Dusty
21-Nov-14,Bangladesh,Zimbabwe,Bangladesh,87 runs,Chittagong,Sunny,Green
23-Nov-14,Australia,South Africa,Australia,2 wickets,Sydney,Cold,Dry
23-Nov-14,Bangladesh,Zimbabwe,Bangladesh,68 runs,Chittagong,Cold,Green
26-Nov-14,Bangladesh,Zimbabwe,Bangladesh,124 runs,Dhaka,Cold,Wet
26-Nov-14,Sri Lanka,England,Sri Lanka,25 runs,Colombo (RPS),Overcast,Dead
28-Nov-14,Bangladesh,Zimbabwe,Bangladesh,21 runs,Dhaka,Cold,Dry
28-Nov-14,U.A.E.,Afghanistan,U.A.E.,5 wickets,ICCA Dubai,Sunny,Dry
29-Nov-14,Sri Lanka,England,Sri Lanka,8 wickets,Colombo (RPS),Cold,Wet
30-Nov-14,U.A.E.,Afghanistan,U.A.E.,6 wickets,ICCA Dubai,Rainy,Dead
01-Dec-14,Bangladesh,Zimbabwe,Bangladesh,5 wickets,Dhaka,Rainy,Dusty
02-Dec-14,U.A.E.,Afghanistan,Afghanistan,2 wickets,ICCA Dubai,Cold,Wet
03-Dec-14,Sri Lanka,England,England,5 wickets,Hambantota,Overcast,Dead
04-Dec-14,U.A.E.,Afghanistan,U.A.E.,30 runs,ICCA Dubai,Rainy,Wet
07-Dec-14,Sri Lanka,England,Sri Lanka,6 wickets,Colombo (RPS),Cold,Wet
08-Dec-14,New Zealand,Pakistan,Pakistan,3 wickets,Dubai (DSC),Overcast,Wet
"Dec 10-11, 2014",Sri Lanka,England,England,5 wickets,Pallekele,Overcast,Dry
12-Dec-14,New Zealand,Pakistan,New Zealand,4 wickets,Sharjah,Cold,Dead
13-Dec-14,Sri Lanka,England,Sri Lanka,90 runs,Pallekele,Sunny,Dead
14-Dec-14,New Zealand,Pakistan,Pakistan,147 runs,Sharjah,Cold,Dry
16-Dec-14,Sri Lanka,England,Sri Lanka,87 runs,Colombo (RPS),Rainy,Dry
17-Dec-14,New Zealand,Pakistan,New Zealand,7 runs,Abu Dhabi,Cold,Green
19-Dec-14,New Zealand,Pakistan,New Zealand,68 runs,Abu Dhabi,Sunny,Dry
08-Jan-15,Afghanistan,Scotland,Afghanistan,8 wickets,ICCA Dubai,Overcast,Dusty
10-Jan-15,Afghanistan,Ireland,Ireland,3 wickets,Dubai (DSC),Rainy,Green
11-Jan-15,New Zealand,Sri Lanka,New Zealand,3 wickets,Christchurch,Cold,Dead
12-Jan-15,Ireland,Scotland,Ireland,3 wickets,Dubai (DSC),Cold,Dusty
14-Jan-15,Afghanistan,Scotland,Scotland,150 runs,Abu Dhabi,Cold,Dead
15-Jan-15,New Zealand,Sri Lanka,Sri Lanka,6 wickets,Hamilton,Sunny,Dry
16-Jan-15,Australia,England,Australia,3 wickets,Sydney,Sunny,Dusty
16-Jan-15,South Africa,West Indies,South Africa,61 runs,Durban,Overcast,Dead
17-Jan-15,New Zealand,Sri Lanka,no result,,Auckland,Cold,Green
17-Jan-15,Afghanistan,Ireland,Afghanistan,71 runs,Dubai (DSC),Cold,Green
18-Jan-15,Australia,India,Australia,4 wickets,Melbourne,Rainy,Dusty
18-Jan-15,South Africa,West Indies,South Africa,148 runs,Johannesburg,Rainy,Green
19-Jan-15,Ireland,Scotland,no result,,ICCA Dubai,Sunny,Green
20-Jan-15,New Zealand,Sri Lanka,New Zealand,4 wickets,Nelson,Overcast,Dry
20-Jan-15,England,India,England,9 wickets,Brisbane,Rainy,Wet
21-Jan-15,South Africa,West Indies,South Africa,9 wickets,East London,Sunny,Wet
23-Jan-15,New Zealand,Sri Lanka,New Zealand,108 runs,Dunedin,Cold,Dry
23-Jan-15,Australia,England,Australia,3 wickets,Hobart,Rainy,Green
25-Jan-15,New Zealand,Sri Lanka,New Zealand,120 runs,Dunedin,Sunny,Wet
25-Jan-15,South Africa,West Indies,West Indies,1 wicket,Port Elizabeth,Sunny,Green
26-Jan-15,Australia,India,no result,,Sydney,Sunny,Dead
28-Jan-15,South Africa,West Indies,South Africa,131 runs,Centurion,Cold,Wet
29-Jan-15,New Zealand,Sri Lanka,Sri Lanka,34 runs,Wellington,Sunny,Wet
30-Jan-15,England,India,England,3 wickets,Perth,Overcast,Dead
31-Jan-15,New Zealand,Pakistan,New Zealand,7 wickets,Wellington,Sunny,Dry
01-Feb-15,Australia,England,Australia,112 runs,Perth,Sunny,Dusty
03-Feb-15,New Zealand,Pakistan,New Zealand,119 runs,Napier,Rainy,Wet
14-Feb-15,New Zealand,Sri Lanka,New Zealand,98 runs,Christchurch,Sunny,Wet
14-Feb-15,Australia,England,Australia,111 runs,Melbourne,Sunny,Dry
15-Feb-15,South Africa,Zimbabwe,South Africa,62 runs,Hamilton,Rainy,Wet
15-Feb-15,India,Pakistan,India,76 runs,Adelaide,Rainy,Dry
16-Feb-15,Ireland,West Indies,Ireland,4 wickets,Nelson,Overcast,Green
17-Feb-15,New Zealand,Scotland,New Zealand,3 wickets,Dunedin,Cold,Dead
18-Feb-15,Afghanistan,Bangladesh,Bangladesh,105 runs,Canberra,Rainy,Wet
19-Feb-15,U.A.E.,Zimbabwe,Zimbabwe,4 wickets,Nelson,Cold,Dead
20-Feb-15,New Zealand,England,New Zealand,8 wickets,Wellington,Rainy,Dry
21-Feb-15,Pakistan,West Indies,West Indies,150 runs,Christchurch,Cold,Dry
22-Feb-15,Afghanistan,Sri Lanka,Sri Lanka,4 wickets,Dunedin,Sunny,Dusty
22-Feb-15,India,South Africa,India,130 runs,Melbourne,Rainy,Green
23-Feb-15,England,Scotland,England,119 runs,Christchurch,Overcast,Wet
24-Feb-15,West Indies,Zimbabwe,West Indies,73 runs,Canberra,Rainy,Wet
25-Feb-15,Ireland,U.A.E.,Ireland,2 wickets,Brisbane,Cold,Dusty
26-Feb-15,Afghanistan,Scotland,Afghanistan,1 wicket,Dunedin,Cold,Dry
26-Feb-15,Bangladesh,Sri Lanka,Sri Lanka,92 runs,Melbourne,Cold,Wet
27-Feb-15,South Africa,West Indies,South Africa,257 runs,Sydney,Overcast,Dry
28-Feb-15,New Zealand,Australia,New Zealand,1 wicket,Auckland,Sunny,Wet
28-Feb-15,India,U.A.E.,India,9 wickets,Perth,Sunny,Wet
01-Mar-15,England,Sri Lanka,Sri Lanka,9 wickets,Wellington,Cold,Green
01-Mar-15,Pakistan,Zimbabwe,Pakistan,20 runs,Brisbane,Sunny,Dry
03-Mar-15,Ireland,South Africa,South Africa,201 runs,Canberra,Rainy,Green
04-Mar-15,Pakistan,U.A.E.,Pakistan,129 runs,Napier,Sunny,Dead
04-Mar-15,Australia,Afghanistan,Australia,275 runs,Perth,Sunny,Dead
05-Mar-15,Bangladesh,Scotland,Bangladesh,6 wickets,Nelson,Sunny,Dead
06-Mar-15,India,West Indies,India,4 wickets,Perth,Sunny,Dry
07-Mar-15,Pakistan,South Africa,Pakistan,29 runs,Auckland,Overcast,Wet
07-Mar-15,Ireland,Zimbabwe,Ireland,5 runs,Hobart,Cold,Dusty
08-Mar-15,New Zealand,Afghanistan,New Zealand,6 wickets,Napier,Overcast,Wet
08-Mar-15,Australia,Sri Lanka,Australia,64 runs,Sydney,Sunny,Dead
09-Mar-15,Bangladesh,England,Bangladesh,15 runs,Adelaide,Rainy,Dry
10-Mar-15,India,Ireland,India,8 wickets,Hamilton,Sunny,Dead
11-Mar-15,Scotland,Sri Lanka,Sri Lanka,148 runs,Hobart,Sunny,Dry
12-Mar-15,South Africa,U.A.E.,South Africa,146 runs,Wellington,Sunny,Dry
13-Mar-15,New Zealand,Bangladesh,New Zealand,3 wickets,Hamilton,Sunny,Green
13-Mar-15,Afghanistan,England,England,9 wickets,Sydney,Sunny,Green
14-Mar-15,India,Zimbabwe,India,6 wickets,Auckland,Rainy,Wet
14-Mar-15,Australia,Scotland,Australia,7 wickets,Hobart,Rainy,Dry
15-Mar-15,U.A.E.,West Indies,West Indies,6 wickets,Napier,Rainy,Wet
15-Mar-15,Ireland,Pakistan,Pakistan,7 wickets,Adelaide,Sunny,Dry
18-Mar-15,South Africa,Sri Lanka,South Africa,9 wickets,Sydney,Overcast,Dead
19-Mar-15,Bangladesh,India,India,109 runs,Melbourne,Sunny,Dusty
20-Mar-15,Australia,Pakistan,Australia,6 wickets,Adelaide,Rainy,Dry
21-Mar-15,New Zealand,West Indies,New Zealand,143 runs,Wellington,Cold,Dusty
24-Mar-15,New Zealand,South Africa,New Zealand,4 wickets,Auckland,Cold,Dusty
26-Mar-15,Australia,India,Australia,95 runs,Sydney,Cold,Dead
29-Mar-15,Australia,New Zealand,Australia,7 wickets,Melbourne,Cold,Green
17-Apr-15,Bangladesh,Pakistan,Bangladesh,79 runs,Dhaka,Sunny,Wet
19-Apr-15,Bangladesh,Pakistan,Bangladesh,7 wickets,Dhaka,Sunny,Dry
22-Apr-15,Bangladesh,Pakistan,Bangladesh,8 wickets,Dhaka,Sunny,Dry
08-May-15,Ireland,England,no result,,Dublin (Malahide),Sunny,Dry
26-May-15,Pakistan,Zimbabwe,Pakistan,41 runs,Lahore,Sunny,Dry
29-May-15,Pakistan,Zimbabwe,Pakistan,6 wickets,Lahore,Rainy,Dusty
31-May-15,Pakistan,Zimbabwe,no result,,Lahore,Cold,Dead
09-Jun-15,England,New Zealand,England,210 runs,Birmingham,Sunny,Dry
12-Jun-15,England,New Zealand,New Zealand,13 runs,The Oval,Rainy,Dusty
14-Jun-15,England,New Zealand,New Zealand,3 wickets,Southampton,Sunny,Wet
17-Jun-15,England,New Zealand,England,7 wickets,Nottingham,Rainy,Green
18-Jun-15,Bangladesh,India,Bangladesh,79 runs,Dhaka,Sunny,Green
20-Jun-15,England,New Zealand,England,3 wickets,Chester-le-Street,Rainy,Wet
21-Jun-15,Bangladesh,India,Bangladesh,6 wickets,Dhaka,Sunny,Dusty
24-Jun-15,Bangladesh,India,India,77 runs,Dhaka,Overcast,Green
10-Jul-15,Zimbabwe,India,India,4 runs,Harare,Cold,Dusty
10-Jul-15,Bangladesh,South Africa,South Africa,8 wickets,Dhaka,Cold,Dusty
11-Jul-15,Sri Lanka,Pakistan,Pakistan,6 wickets,Dambulla,Cold,Dead
12-Jul-15,Zimbabwe,India,India,62 runs,Harare,Overcast,Dusty
12-Jul-15,Bangladesh,South Africa,Bangladesh,7 wickets,Dhaka,Overcast,Dead
14-Jul-15,Zimbabwe,India,India,83 runs,Harare,Cold,Dry
15-Jul-15,Bangladesh,South Africa,Bangladesh,9 wickets,Chittagong,Sunny,Dusty
15-Jul-15,Sri Lanka,Pakistan,Sri Lanka,2 wickets,Pallekele,Overcast,Dead
19-Jul-15,Sri Lanka,Pakistan,Pakistan,135 runs,Colombo (RPS),Cold,Dead
22-Jul-15,Sri Lanka,Pakistan,Pakistan,7 wickets,Colombo (RPS),Sunny,Dry
26-Jul-15,Sri Lanka,Pakistan,Sri Lanka,165 runs,Hambantota,Overcast,Dry
02-Aug-15,Zimbabwe,New Zealand,Zimbabwe,7 wickets,Harare,Sunny,Wet
04-Aug-15,Zimbabwe,New Zealand,New Zealand,10 wickets,Harare,Sunny,Dry
07-Aug-15,Zimbabwe,New Zealand,New Zealand,38 runs,Harare,Overcast,Dead
19-Aug-15,South Africa,New Zealand,South Africa,20 runs,Centurion,Cold,Dusty
23-Aug-15,South Africa,New Zealand,New Zealand,8 wickets,Potchefstroom,Overcast,Dusty
26-Aug-15,South Africa,New Zealand,South Africa,62 runs,Durban,Sunny,Dusty
27-Aug-15,Ireland,Australia,Australia,23 runs,Belfast,Cold,Dead
03-Sep-15,England,Australia,Australia,59 runs,Southampton,Cold,Dusty
05-Sep-15,England,Australia,Australia,64 runs,Lord's,Rainy,Wet
08-Sep-15,England,Australia,England,93 runs,Manchester,Rainy,Dead
11-Sep-15,England,Australia,England,3 wickets,Leeds,Sunny,Green
13-Sep-15,England,Australia,Australia,8 wickets,Manchester,Cold,Dusty
01-Oct-15,Zimbabwe,Pakistan,Pakistan,131 runs,Harare,Overcast,Green
03-Oct-15,Zimbabwe,Pakistan,Zimbabwe,5 runs,Harare,Cold,Dead
05-Oct-15,Zimbabwe,Pakistan,Pakistan,7 wickets,Harare,Overcast,Dead
09-Oct-15,Zimbabwe,Ireland,Zimbabwe,2 wickets,Harare,Rainy,Dusty
11-Oct-15,India,South Africa,South Africa,5 runs,Kanpur,Cold,Wet
11-Oct-15,Zimbabwe,Ireland,Zimbabwe,5 wickets,Harare,Rainy,Dead
13-Oct-15,Zimbabwe,Ireland,Ireland,2 wickets,Harare,Rainy,Wet
14-Oct-15,India,South Africa,India,22 runs,Indore,Cold,Dead
16-Oct-15,Zimbabwe,Afghanistan,Zimbabwe,8 wickets,Bulawayo,Rainy,Wet
18-Oct-15,Zimbabwe,Afghanistan,Afghanistan,58 runs,Bulawayo,Rainy,Green
18-Oct-15,India,South Africa,South Africa,18 runs,Rajkot,Sunny,Dead
20-Oct-15,Zimbabwe,Afghanistan,Zimbabwe,6 wickets,Bulawayo,Overcast,Dead
22-Oct-15,Zimbabwe,Afghanistan,Afghanistan,3 wickets,Bulawayo,Overcast,Dry
22-Oct-15,India,South Africa,India,35 runs,Chennai,Sunny,Dry
24-Oct-15,Zimbabwe,Afghanistan,Afghanistan,73 runs,Bulawayo,Sunny,Dusty
25-Oct-15,India,South Africa,South Africa,214 runs,Mumbai,Rainy,Dry
01-Nov-15,Sri Lanka,West Indies,Sri Lanka,1 wicket,Colombo (RPS),Cold,Green
04-Nov-15,Sri Lanka,West Indies,Sri Lanka,8 wickets,Colombo (RPS),Rainy,Dead
07-Nov-15,Bangladesh,Zimbabwe,Bangladesh,145 runs,Dhaka,Sunny,Wet
07-Nov-15,Sri Lanka,West Indies,Sri Lanka,19 runs,Pallekele,Rainy,Wet
09-Nov-15,Bangladesh,Zimbabwe,Bangladesh,58 runs,Dhaka,Sunny,Dry
11-Nov-15,Bangladesh,Zimbabwe,Bangladesh,61 runs,Dhaka,Sunny,Dusty
11-Nov-15,England,Pakistan,Pakistan,6 wickets,Abu Dhabi,Sunny,Dusty
13-Nov-15,England,Pakistan,England,95 runs,Abu Dhabi,Rainy,Dead
16-Nov-15,U.A.E.,Hong Kong,Hong Kong,89 runs,ICCA Dubai,Overcast,Dead
17-Nov-15,England,Pakistan,England,6 wickets,Sharjah,Cold,Green
18-Nov-15,U.A.E.,Hong Kong,Hong Kong,136 runs,ICCA Dubai,Cold,Dry
20-Nov-15,England,Pakistan,England,84 runs,Dubai (DSC),Sunny,Dry
25-Dec-15,Afghanistan,Zimbabwe,Afghanistan,49 runs,Sharjah,Overcast,Dusty
26-Dec-15,New Zealand,Sri Lanka,New Zealand,7 wickets,Christchurch,Rainy,Dead
28-Dec-15,New Zealand,Sri Lanka,New Zealand,10 wickets,Christchurch,Sunny,Dry
29-Dec-15,Afghanistan,Zimbabwe,Afghanistan,4 wickets,Sharjah,Sunny,Dusty
31-Dec-15,New Zealand,Sri Lanka,Sri Lanka,8 wickets,Nelson,Cold,Dead
02-Jan-16,New Zealand,Sri Lanka,no result,,Nelson,Overcast,Green
02-Jan-16,Afghanistan,Zimbabwe,Zimbabwe,117 runs,Sharjah,Sunny,Dusty
04-Jan-16,Afghanistan,Zimbabwe,Zimbabwe,65 runs,Sharjah,Sunny,Wet
05-Jan-16,New Zealand,Sri Lanka,New Zealand,36 runs,Mount Maunganui,Rainy,Wet
06-Jan-16,Afghanistan,Zimbabwe,Afghanistan,2 wickets,Sharjah,Rainy,Dusty
12-Jan-16,Australia,India,Australia,5 wickets,Perth,Cold,Dead
15-Jan-16,Australia,India,Australia,7 wickets,Brisbane,Sunny,Wet
17-Jan-16,Australia,India,Australia,3 wickets,Melbourne,Overcast,Green
20-Jan-16,Australia,India,Australia,25 runs,Canberra,Sunny,Wet
23-Jan-16,Australia,India,India,6 wickets,Sydney,Sunny,Green
25-Jan-16,New Zealand,Pakistan,New Zealand,70 runs,Wellington,Sunny,Green
26-Jan-16,Hong Kong,Scotland,Hong Kong,109 runs,Mong Kok,Cold,Dusty
31-Jan-16,New Zealand,Pakistan,New Zealand,3 wickets,Auckland,Rainy,Wet
03-Feb-16,New Zealand,Australia,New Zealand,159 runs,Auckland,Sunny,Green
03-Feb-16,South Africa,England,England,39 runs,Bloemfontein,Sunny,Dead
06-Feb-16,New Zealand,Australia,Australia,4 wickets,Wellington,Rainy,Dead
06-Feb-16,South Africa,England,England,5 wickets,Port Elizabeth,Cold,Dry
08-Feb-16,New Zealand,Australia,New Zealand,55 runs,Hamilton,Rainy,Dusty
09-Feb-16,South Africa,England,South Africa,7 wickets,Centurion,Rainy,Wet
12-Feb-16,South Africa,England,South Africa,1 wicket,Johannesburg,Overcast,Green
14-Feb-16,South Africa,England,South Africa,5 wickets,Cape Town,Overcast,Green
03-Jun-16,West Indies,South Africa,West Indies,4 wickets,Providence,Sunny,Dusty
05-Jun-16,West Indies,Australia,Australia,6 wickets,Providence,Overcast,Dusty
07-Jun-16,Australia,South Africa,South Africa,47 runs,Providence,Rainy,Dusty
11-Jun-16,Zimbabwe,India,India,9 wickets,Harare,Overcast,Dusty
11-Jun-16,Australia,South Africa,Australia,36 runs,Basseterre,Overcast,Dry
13-Jun-16,Zimbabwe,India,India,8 wickets,Harare,Rainy,Dusty
13-Jun-16,West Indies,Australia,West Indies,4 wickets,Basseterre,Cold,Dead
15-Jun-16,Zimbabwe,India,India,10 wickets,Harare,Cold,Green
15-Jun-16,West Indies,South Africa,South Africa,139 runs,Basseterre,Cold,Dry
16-Jun-16,Ireland,Sri Lanka,Sri Lanka,76 runs,Dublin (Malahide),Cold,Wet
18-Jun-16,Ireland,Sri Lanka,Sri Lanka,136 runs,Dublin (Malahide),Cold,Wet
19-Jun-16,Australia,South Africa,no result,,Bridgetown,Rainy,Dusty
21-Jun-16,England,Sri Lanka,tied,,Nottingham,Sunny,Dusty
21-Jun-16,West Indies,Australia,Australia,6 wickets,Bridgetown,Overcast,Green
24-Jun-16,England,Sri Lanka,England,10 wickets,Birmingham,Rainy,Dead
24-Jun-16,West Indies,South Africa,West Indies,100 runs,Bridgetown,Overcast,Dead
26-Jun-16,England,Sri Lanka,no result,,Bristol,Overcast,Green
26-Jun-16,West Indies,Australia,Australia,58 runs,Bridgetown,Cold,Dead
29-Jun-16,England,Sri Lanka,England,6 wickets,The Oval,Rainy,Dry
02-Jul-16,England,Sri Lanka,England,122 runs,Cardiff,Rainy,Green
04-Jul-16,Scotland,Afghanistan,no result,,Edinburgh,Sunny,Dead
06-Jul-16,Scotland,Afghanistan,Afghanistan,78 runs,Edinburgh,Overcast,Dry
12-Jul-16,Ireland,Afghanistan,Afghanistan,39 runs,Belfast,Rainy,Dead
14-Jul-16,Ireland,Afghanistan,Ireland,6 wickets,Belfast,Overcast,Dusty
17-Jul-16,Ireland,Afghanistan,Afghanistan,79 runs,Belfast,Rainy,Dry
19-Jul-16,Ireland,Afghanistan,Ireland,12 runs,Belfast,Rainy,Green
14-Aug-16,Scotland,U.A.E.,Scotland,98 runs,Edinburgh,Cold,Dusty
16-Aug-16,Scotland,U.A.E.,Scotland,7 wickets,Edinburgh,Sunny,Green
18-Aug-16,Ireland,Pakistan,Pakistan,255 runs,Dublin (Malahide),Overcast,Green
21-Aug-16,Sri Lanka,Australia,Australia,3 wickets,Colombo (RPS),Overcast,Green
24-Aug-16,Sri Lanka,Australia,Sri Lanka,82 runs,Colombo (RPS),Overcast,Dusty
24-Aug-16,England,Pakistan,England,44 runs,Southampton,Cold,Dusty
27-Aug-16,England,Pakistan,England,4 wickets,Lord's,Overcast,Dusty
28-Aug-16,Sri Lanka,Australia,Australia,2 wickets,Dambulla,Overcast,Dusty
30-Aug-16,England,Pakistan,England,169 runs,Nottingham,Cold,Dusty
31-Aug-16,Sri Lanka,Australia,Australia,6 wickets,Dambulla,Sunny,Dry
01-Sep-16,England,Pakistan,England,4 wickets,Leeds,Cold,Wet
04-Sep-16,Sri Lanka,Australia,Australia,5 wickets,Pallekele,Sunny,Green
04-Sep-16,England,Pakistan,Pakistan,4 wickets,Cardiff,Overcast,Dusty
08-Sep-16,Scotland,Hong Kong,no result,,Edinburgh,Cold,Green
10-Sep-16,Scotland,Hong Kong,Scotland,53 runs,Edinburgh,Rainy,Wet
25-Sep-16,South Africa,Ireland,South Africa,206 runs,Benoni,Cold,Wet
25-Sep-16,Bangladesh,Afghanistan,Bangladesh,7 runs,Dhaka,Sunny,Green
27-Sep-16,Australia,Ireland,Australia,9 wickets,Benoni,Overcast,Dusty
28-Sep-16,Bangladesh,Afghanistan,Afghanistan,2 wickets,Dhaka,Overcast,Green
30-Sep-16,Pakistan,West Indies,Pakistan,111 runs,Sharjah,Sunny,Dry
30-Sep-16,South Africa,Australia,South Africa,6 wickets,Centurion,Sunny,Green
01-Oct-16,Bangladesh,Afghanistan,Bangladesh,141 runs,Dhaka,Sunny,Dead
02-Oct-16,South Africa,Australia,South Africa,142 runs,Johannesburg,Cold,Dry
02-Oct-16,Pakistan,West Indies,Pakistan,59 runs,Sharjah,Sunny,Dusty
05-Oct-16,Pakistan,West Indies,Pakistan,136 runs,Abu Dhabi,Cold,Dead
05-Oct-16,South Africa,Australia,South Africa,4 wickets,Durban,Cold,Dead
07-Oct-16,Bangladesh,England,England,21 runs,Dhaka,Rainy,Green
09-Oct-16,South Africa,Australia,South Africa,6 wickets,Port Elizabeth,Rainy,Wet
09-Oct-16,Bangladesh,England,Bangladesh,34 runs,Dhaka,Overcast,Dead
12-Oct-16,Bangladesh,England,England,4 wickets,Chittagong,Cold,Wet
12-Oct-16,South Africa,Australia,South Africa,31 runs,Cape Town,Sunny,Dead
16-Oct-16,India,New Zealand,India,6 wickets,Dharamsala,Sunny,Dusty
20-Oct-16,India,New Zealand,New Zealand,6 runs,Delhi,Sunny,Wet
23-Oct-16,India,New Zealand,India,7 wickets,Mohali,Sunny,Dead
26-Oct-16,India,New Zealand,New Zealand,19 runs,Ranchi,Overcast,Wet
29-Oct-16,India,New Zealand,India,190 runs,Visakhapatnam,Overcast,Dry
04-Nov-16,Hong Kong,P.N.G.,Hong Kong,106 runs,Mong Kok,Cold,Dusty
06-Nov-16,Hong Kong,P.N.G.,P.N.G.,14 runs,Mong Kok,Cold,Dusty
08-Nov-16,Hong Kong,P.N.G.,Hong Kong,7 wickets,Mong Kok,Cold,Dry
14-Nov-16,Zimbabwe,Sri Lanka,Sri Lanka,8 wickets,Harare,Cold,Wet
16-Nov-16,Sri Lanka,West Indies,West Indies,62 runs,Harare,Overcast,Green
19-Nov-16,Zimbabwe,West Indies,tied,,Bulawayo,Rainy,Dry
21-Nov-16,Zimbabwe,Sri Lanka,no result,,Bulawayo,Sunny,Dusty
23-Nov-16,Sri Lanka,West Indies,Sri Lanka,1 run,Bulawayo,Rainy,Dry
25-Nov-16,Zimbabwe,West Indies,Zimbabwe,5 runs,Bulawayo,Overcast,Green
27-Nov-16,Zimbabwe,Sri Lanka,Sri Lanka,6 wickets,Bulawayo,Cold,Dry
04-Dec-16,Australia,New Zealand,Australia,68 runs,Sydney,Overcast,Green
06-Dec-16,Australia,New Zealand,Australia,116 runs,Canberra,Cold,Green
09-Dec-16,Australia,New Zealand,Australia,117 runs,Melbourne,Sunny,Dry
26-Dec-16,New Zealand,Bangladesh,New Zealand,77 runs,Christchurch,Overcast,Dry
29-Dec-16,New Zealand,Bangladesh,New Zealand,67 runs,Nelson,Rainy,Dry
31-Dec-16,New Zealand,Bangladesh,New Zealand,8 wickets,Nelson,Rainy,Dusty
13-Jan-17,Australia,Pakistan,Australia,92 runs,Brisbane,Cold,Dry
15-Jan-17,Australia,Pakistan,Pakistan,6 wickets,Melbourne,Cold,Dry
15-Jan-17,India,England,India,3 wickets,Pune,Sunny,Green
19-Jan-17,Australia,Pakistan,Australia,7 wickets,Perth,Overcast,Dry
19-Jan-17,India,England,India,15 runs,Cuttack,Rainy,Green
22-Jan-17,Australia,Pakistan,Australia,86 runs,Sydney,Overcast,Green
22-Jan-17,Hong Kong,Scotland,Hong Kong,7 wickets,Abu Dhabi,Sunny,Dry
22-Jan-17,India,England,England,5 runs,Kolkata,Cold,Dusty
24-Jan-17,U.A.E.,Scotland,U.A.E.,4 wickets,Dubai (DSC),Cold,Wet
26-Jan-17,Australia,Pakistan,Australia,57 runs,Adelaide,Overcast,Wet
26-Jan-17,U.A.E.,Hong Kong,U.A.E.,6 wickets,Dubai (DSC),Rainy,Dead
28-Jan-17,South Africa,Sri Lanka,South Africa,8 wickets,Port Elizabeth,Cold,Dead
30-Jan-17,New Zealand,Australia,New Zealand,6 runs,Auckland,Cold,Dry
01-Feb-17,South Africa,Sri Lanka,South Africa,121 runs,Durban,Overcast,Dead
04-Feb-17,South Africa,Sri Lanka,South Africa,7 wickets,Johannesburg,Cold,Dry
05-Feb-17,New Zealand,Australia,New Zealand,24 runs,Hamilton,Sunny,Wet
07-Feb-17,South Africa,Sri Lanka,South Africa,40 runs,Cape Town,Rainy,Wet
10-Feb-17,South Africa,Sri Lanka,South Africa,88 runs,Centurion,Sunny,Wet
16-Feb-17,Zimbabwe,Afghanistan,Afghanistan,12 runs,Harare,Rainy,Wet
19-Feb-17,New Zealand,South Africa,South Africa,4 wickets,Hamilton,Cold,Dusty
19-Feb-17,Zimbabwe,Afghanistan,Afghanistan,54 runs,Harare,Sunny,Dead
21-Feb-17,Zimbabwe,Afghanistan,Zimbabwe,3 runs,Harare,Sunny,Dusty
22-Feb-17,New Zealand,South Africa,New Zealand,6 runs,Christchurch,Cold,Green
24-Feb-17,Zimbabwe,Afghanistan,Zimbabwe,7 wickets,Harare,Rainy,Wet
25-Feb-17,New Zealand,South Africa,South Africa,159 runs,Wellington,Overcast,Dry
26-Feb-17,Zimbabwe,Afghanistan,Afghanistan,106 runs,Harare,Cold,Dusty
01-Mar-17,New Zealand,South Africa,New Zealand,7 wickets,Hamilton,Overcast,Dusty
02-Mar-17,U.A.E.,Ireland,Ireland,85 runs,ICCA Dubai,Rainy,Green
03-Mar-17,West Indies,England,England,45 runs,North Sound,Rainy,Dry
04-Mar-17,New Zealand,South Africa,South Africa,6 wickets,Auckland,Rainy,Wet
04-Mar-17,U.A.E.,Ireland,Ireland,8 wickets,ICCA Dubai,Rainy,Dusty
05-Mar-17,West Indies,England,England,4 wickets,North Sound,Overcast,Wet
09-Mar-17,West Indies,England,England,186 runs,Bridgetown,Overcast,Dusty
15-Mar-17,Afghanistan,Ireland,Afghanistan,30 runs,Greater Noida,Cold,Dead
17-Mar-17,Afghanistan,Ireland,Afghanistan,34 runs,Greater Noida,Sunny,Dry
19-Mar-17,Afghanistan,Ireland,Ireland,6 wickets,Greater Noida,Rainy,Dusty
22-Mar-17,Afghanistan,Ireland,Ireland,3 wickets,Greater Noida,Sunny,Green
24-Mar-17,Afghanistan,Ireland,Afghanistan,7 wickets,Greater Noida,Overcast,Green
25-Mar-17,Sri Lanka,Bangladesh,Bangladesh,90 runs,Dambulla,Cold,Wet
28-Mar-17,Sri Lanka,Bangladesh,no result,,Dambulla,Cold,Wet
31-Mar-17,U.A.E.,P.N.G.,U.A.E.,82 runs,Abu Dhabi,Cold,Dry
01-Apr-17,Sri Lanka,Bangladesh,Sri Lanka,70 runs,Colombo (SSC),Cold,Dusty
02-Apr-17,U.A.E.,P.N.G.,P.N.G.,26 runs,Abu Dhabi,Overcast,Dusty
04-Apr-17,U.A.E.,P.N.G.,U.A.E.,103 runs,Abu Dhabi,Rainy,Green
07-Apr-17,West Indies,Pakistan,West Indies,4 wickets,Providence,Sunny,Dead
09-Apr-17,West Indies,Pakistan,Pakistan,74 runs,Providence,Cold,Dead
11-Apr-17,West Indies,Pakistan,Pakistan,6 wickets,Providence,Rainy,Dusty
05-May-17,England,Ireland,England,7 wickets,Bristol,Cold,Green
07-May-17,England,Ireland,England,85 runs,Lord's,Overcast,Dry
12-May-17,Ireland,Bangladesh,no result,,Dublin (Malahide),Sunny,Dry
14-May-17,Ireland,New Zealand,New Zealand,51 runs,Dublin (Malahide),Cold,Dusty
17-May-17,Bangladesh,New Zealand,New Zealand,4 wickets,Dublin,Sunny,Wet
19-May-17,Ireland,Bangladesh,Bangladesh,8 wickets,Dublin (Malahide),Sunny,Dusty
21-May-17,Ireland,New Zealand,New Zealand,190 runs,Dublin (Malahide),Cold,Dry
24-May-17,Bangladesh,New Zealand,Bangladesh,5 wickets,Dublin,Sunny,Dry
24-May-17,England,South Africa,England,72 runs,Leeds,Cold,Dry
27-May-17,England,South Africa,England,2 runs,Southampton,Sunny,Dead
29-May-17,England,South Africa,South Africa,7 wickets,Lord's,Rainy,Dry
01-Jun-17,England,Bangladesh,England,8 wickets,The Oval,Cold,Dry
02-Jun-17,Australia,New Zealand,no result,,Birmingham,Sunny,Green
03-Jun-17,South Africa,Sri Lanka,South Africa,96 runs,The Oval,Rainy,Wet
04-Jun-17,India,Pakistan,India,124 runs,Birmingham,Overcast,Wet
05-Jun-17,Australia,Bangladesh,no result,,The Oval,Sunny,Green
06-Jun-17,England,New Zealand,England,87 runs,Cardiff,Rainy,Dead
07-Jun-17,Pakistan,South Africa,Pakistan,19 runs,Birmingham,Sunny,Wet
08-Jun-17,India,Sri Lanka,Sri Lanka,7 wickets,The Oval,Cold,Dry
09-Jun-17,Bangladesh,New Zealand,Bangladesh,5 wickets,Cardiff,Rainy,Dry
09-Jun-17,West Indies,Afghanistan,Afghanistan,63 runs,Gros Islet,Sunny,Green
10-Jun-17,England,Australia,England,40 runs,Birmingham,Sunny,Green
11-Jun-17,India,South Africa,India,8 wickets,The Oval,Cold,Dry
11-Jun-17,West Indies,Afghanistan,West Indies,4 wickets,Gros Islet,Cold,Wet
12-Jun-17,Pakistan,Sri Lanka,Pakistan,3 wickets,Cardiff,Sunny,Dry
14-Jun-17,England,Pakistan,Pakistan,8 wickets,Cardiff,Overcast,Wet
14-Jun-17,West Indies,Afghanistan,no result,,Gros Islet,Rainy,Green
15-Jun-17,Bangladesh,India,India,9 wickets,Birmingham,Sunny,Dead
15-Jun-17,Scotland,Zimbabwe,Scotland,26 runs,Edinburgh,Overcast,Wet
17-Jun-17,Scotland,Zimbabwe,Zimbabwe,6 wickets,Edinburgh,Overcast,Wet
18-Jun-17,India,Pakistan,Pakistan,180 runs,The Oval,Cold,Green
23-Jun-17,West Indies,India,no result,,Port of Spain,Overcast,Dusty
25-Jun-17,West Indies,India,India,105 runs,Port of Spain,Cold,Dry
30-Jun-17,Sri Lanka,Zimbabwe,Zimbabwe,6 wickets,Galle,Overcast,Green
30-Jun-17,West Indies,India,India,93 runs,North Sound,Overcast,Green
02-Jul-17,Sri Lanka,Zimbabwe,Sri Lanka,7 wickets,Galle,Cold,Dusty
02-Jul-17,West Indies,India,West Indies,11 runs,North Sound,Overcast,Wet
06-Jul-17,Sri Lanka,Zimbabwe,Sri Lanka,8 wickets,Hambantota,Sunny,Dry
06-Jul-17,West Indies,India,India,8 wickets,Kingston,Overcast,Dusty
08-Jul-17,Sri Lanka,Zimbabwe,Zimbabwe,4 wickets,Hambantota,Overcast,Green
10-Jul-17,Sri Lanka,Zimbabwe,Zimbabwe,3 wickets,Hambantota,Overcast,Dead
20-Aug-17,Sri Lanka,India,India,9 wickets,Dambulla,Rainy,Dusty
24-Aug-17,Sri Lanka,India,India,3 wickets,Pallekele,Rainy,Dusty
27-Aug-17,Sri Lanka,India,India,6 wickets,Pallekele,Cold,Dusty
31-Aug-17,Sri Lanka,India,India,168 runs,Colombo (RPS),Rainy,Green
03-Sep-17,Sri Lanka,India,India,6 wickets,Colombo (RPS),Rainy,Green
17-Sep-17,India,Australia,India,26 runs,Chennai,Cold,Green
19-Sep-17,England,West Indies,England,7 wickets,Manchester,Rainy,Green
21-Sep-17,India,Australia,India,50 runs,Kolkata,Overcast,Dead
21-Sep-17,England,West Indies,no result,,Nottingham,Sunny,Dead
24-Sep-17,India,Australia,India,5 wickets,Indore,Cold,Wet
24-Sep-17,England,West Indies,England,124 runs,Bristol,Rainy,Green
27-Sep-17,England,West Indies,England,6 runs,The Oval,Sunny,Dry
28-Sep-17,India,Australia,Australia,21 runs,Bengaluru,Rainy,Green
29-Sep-17,England,West Indies,England,9 wickets,Southampton,Sunny,Dusty
01-Oct-17,India,Australia,India,7 wickets,Nagpur,Overcast,Wet
06-Oct-17,P.N.G.,Scotland,Scotland,101 runs,Port Moresby,Sunny,Dry
08-Oct-17,P.N.G.,Scotland,P.N.G.,5 wickets,Port Moresby,Overcast,Dry
13-Oct-17,Pakistan,Sri Lanka,Pakistan,83 runs,Dubai (DSC),Rainy,Dead
15-Oct-17,South Africa,Bangladesh,South Africa,10 wickets,Kimberley,Sunny,Dry
16-Oct-17,Pakistan,Sri Lanka,Pakistan,32 runs,Abu Dhabi,Overcast,Dusty
18-Oct-17,South Africa,Bangladesh,South Africa,104 runs,Paarl,Rainy,Dead
18-Oct-17,Pakistan,Sri Lanka,Pakistan,7 wickets,Abu Dhabi,Overcast,Wet
20-Oct-17,Pakistan,Sri Lanka,Pakistan,7 wickets,Sharjah,Sunny,Dry
22-Oct-17,India,New Zealand,New Zealand,6 wickets,Mumbai,Sunny,Dead
22-Oct-17,South Africa,Bangladesh,South Africa,200 runs,East London,Sunny,Dry
23-Oct-17,Pakistan,Sri Lanka,Pakistan,9 wickets,Sharjah,Cold,Dead
25-Oct-17,India,New Zealand,India,6 wickets,Pune,Overcast,Green
29-Oct-17,India,New Zealand,India,6 runs,Kanpur,Cold,Green
24-Nov-17,P.N.G.,Scotland,Scotland,6 wickets,Dubai (DSC),Sunny,Dry
25-Nov-17,P.N.G.,Scotland,Scotland,4 wickets,Dubai (DSC),Rainy,Wet
05-Dec-17,Afghanistan,Ireland,Afghanistan,138 runs,Sharjah,Cold,Green
06-Dec-17,Hong Kong,P.N.G.,Hong Kong,53 runs,ICCA Dubai,Overcast,Dry
07-Dec-17,Afghanistan,Ireland,Ireland,51 runs,Sharjah,Overcast,Dead
08-Dec-17,Hong Kong,P.N.G.,Hong Kong,93 runs,ICCA Dubai,Rainy,Wet
10-Dec-17,India,Sri Lanka,Sri Lanka,7 wickets,Dharamsala,Sunny,Dead
10-Dec-17,Afghanistan,Ireland,Ireland,5 wickets,Sharjah,Cold,Wet
13-Dec-17,India,Sri Lanka,India,141 runs,Mohali,Rainy,Dry
17-Dec-17,India,Sri Lanka,India,8 wickets,Visakhapatnam,Overcast,Dusty
20-Dec-17,New Zealand,West Indies,New Zealand,5 wickets,Cobham Oval,Overcast,Wet
23-Dec-17,New Zealand,West Indies,New Zealand,204 runs,Hagley Oval,Rainy,Green
26-Dec-17,New Zealand,West Indies,New Zealand,66 runs,Hagley Oval,Rainy,Dry
06-Jan-18,New Zealand,Pakistan,New Zealand,61 runs,Basin Reserve,Rainy,Dead
08-Jan-18,New Zealand,Pakistan,New Zealand,8 wickets,Saxton Oval,Sunny,Dusty
11-Jan-18,U.A.E.,Ireland,Ireland,4 wickets,ICCA Dubai,Cold,Dusty
13-Jan-18,U.A.E.,Ireland,Ireland,67 runs,ICCA Dubai,Overcast,Dusty
13-Jan-18,New Zealand,Pakistan,New Zealand,183 runs,University Oval,Cold,Wet
15-Jan-18,Bangladesh,Zimbabwe,Bangladesh,8 wickets,Shere Bangla,Rainy,Dusty
14-Jan-18,Australia,England,England,5 wickets,Melbourne,Sunny,Dusty
16-Jan-18,Scotland,Ireland,Ireland,6 wickets,ICCA Dubai,Cold,Dry
16-Jan-18,New Zealand,Pakistan,New Zealand,5 wickets,Seddon,Overcast,Dry
17-Jan-18,Sri Lanka,Zimbabwe,Zimbabwe,12 runs,Shere Bangla,Rainy,Wet
18-Jan-18,Australia,England,England,4 wickets,Brisbane,Overcast,Dead
18-Jan-18,Ireland,Scotland,Ireland,24 runs,ICCA Dubai,Rainy,Green
18-Jan-18,New Zealand,Pakistan,New Zealand,15 runs,Basin Reserve,Cold,Green
19-Jan-18,Bangladesh,Sri Lanka,Bangladesh,163 runs,Shere Bangla,Overcast,Dead
21-Jan-18,Australia,England,England,16 runs,Sydney,Overcast,Dry
21-Jan-18,Sri Lanka,Zimbabwe,Sri Lanka,5 wickets,Shere Bangla,Overcast,Dead
01-Feb-18,South Africa,India,India,6 wickets,Kingsmead,Sunny,Green
04-Feb-18,South Africa,India,India,9 wickets,Supersport Park,Cold,Dry
07-Feb-18,South Africa,India,India,124 runs,Newlands,Rainy,Green
09-Feb-18,Afghanistan,Zimbabwe,Afghanistan,154 runs,Sharjah,Overcast,Dry
10-Feb-18,South Africa,India,South Africa,5 wickets,Wanderers,Overcast,Dusty
10-Mar-18,New Zealand,England,England,7 wickets,Hagley Oval,Rainy,Wet
10-Mar-18,Ireland,West Indies,West Indies,52 runs,Harare,Cold,Dead
18-Mar-18,Ireland,Scotland,Ireland,24 runs,Harare,Rainy,Dry
16-Jun-18,England,Australia,England,38 runs,Sophia,Sunny,Dead
19-Jun-18,England,Australia,England,242 runs,Trent Bridge,Sunny,Dry
21-Jun-18,England,Australia,England,6 wickets,Riverside Ground,Rainy,Green
24-Jun-18,England,Australia,England,1 wicket,Manchester,Rainy,Wet
12-Jul-18,England,India,India,8 wickets,Trent Bridge,Sunny,Dry
13-Jul-18,Zimbabwe,Pakistan,Pakistan,201 runs,Bulawayo,Sunny,Dry
14-Jul-18,England,India,England,86 runs,Lord's,Cold,Dry
16-Jul-18,Zimbabwe,Pakistan,Pakistan,9 wickets,Bulawayo,Sunny,Dead
17-Jul-18,England,India,England,8 wickets,Leeds,Cold,Dusty
18-Jul-18,Zimbabwe,Pakistan,Pakistan,9 wickets,Bulawayo,Sunny,Dry
20-Jul-18,Zimbabwe,Pakistan,Pakistan,244 runs,Bulawayo,Cold,Green
22-Jul-18,West Indies,Bangladesh,Bangladesh,48 runs,Guyana,Sunny,Dry
22-Jul-18,Zimbabwe,Pakistan,Pakistan,131 runs,Bulawayo,Rainy,Dead
25-Jul-18,West Indies,Bangladesh,West Indies,3 runs,Guyana,Overcast,Dead
28-Jul-18,West Indies,Bangladesh,Bangladesh,18 runs,St Kitts,Overcast,Dusty
29-Jul-18,Sri Lanka,South Africa,South Africa,5 wickets,Dambulla,Sunny,Wet
01-Aug-18,Sri Lanka,South Africa,South Africa,4 wickets,Dambulla,Rainy,Green
05-Aug-18,Sri Lanka,South Africa,South Africa,78 runs,Pallekele,Overcast,Dry
08-Aug-18,Sri Lanka,South Africa,Sri Lanka,3 runs,Pallekele,Overcast,Green
12-Aug-18,Sri Lanka,South Africa,Sri Lanka,178 runs,Colombo,Overcast,Green
27-Aug-18,Ireland,Afghanistan,Afghanistan,29 runs,Belfast,Rainy,Dry
29-Aug-18,Ireland,Afghanistan,Ireland,3 wickets,Belfast,Sunny,Dusty
31-Aug-18,Ireland,Afghanistan,Afghanistan,8 wickets,Belfast,Sunny,Dusty
15-Sep-18,Bangladesh,Sri Lanka,Bangladesh,137 runs,Dubai (DSC),Cold,Dusty
17-Sep-18,Afghanistan,Sri Lanka,Afghanistan,91 runs,Abu Dhabi,Sunny,Dusty
19-Sep-18,India,Pakistan,India,8 wickets,Dubai (DSC),Cold,Dry
20-Sep-18,Afghanistan,Bangladesh,Afghanistan,136 runs,Abu Dhabi,Cold,Dry
21-Sep-18,Bangladesh,India,India,7 wickets,Dubai (DSC),Rainy,Dry
21-Sep-18,Afghanistan,Pakistan,Pakistan,3 wickets,Abu Dhabi,Sunny,Dead
23-Sep-18,India,Pakistan,India,9 wickets,Dubai (DSC),Rainy,Wet
23-Sep-18,Afghanistan,Bangladesh,Bangladesh,3 wickets,Abu Dhabi,Cold,Dusty
25-Sep-18,Afghanistan,India,tied,,Dubai (DSC),Sunny,Wet
26-Sep-18,Bangladesh,Pakistan,Bangladesh,37 runs,Abu Dhabi,Rainy,Wet
28-Sep-18,Bangladesh,India,India,3 wickets,Dubai (DSC),Sunny,Dry
30-Sep-18,South Africa,Zimbabwe,South Africa,5 wickets,Kimberley,Sunny,Dusty
03-Oct-18,South Africa,Zimbabwe,South Africa,120 runs,Bloemfontein,Sunny,Dusty
06-Oct-18,South Africa,Zimbabwe,South Africa,4 wickets,Paarl,Overcast,Dusty
10-Oct-18,Sri Lanka,England,tied,,Dambulla,Sunny,Dead
13-Oct-18,Sri Lanka,England,England,31 runs,Dambulla,Cold,Wet
17-Oct-18,Sri Lanka,England,England,7 wickets,Pallekele,Overcast,Dry
20-Oct-18,Sri Lanka,England,England,18 runs,Pallekele,Rainy,Wet
21-Oct-18,India,West Indies,India,8 wickets,Guwahati,Overcast,Wet
23-Oct-18,Sri Lanka,England,Sri Lanka,219 runs,Colombo,Rainy,Green
24-Oct-18,India,West Indies,tied,,Visakhapatnam,Overcast,Wet
27-Oct-18,India,West Indies,West Indies,43 runs,Pune,Rainy,Dead
29-Oct-18,India,West Indies,India,224 runs,Mumbai,Cold,Green
01-Nov-18,India,West Indies,India,9 wickets,Thiruvananthapuram,Rainy,Green
04-Nov-18,Australia,South Africa,South Africa,6 wickets,Perth,Overcast,Dusty
07-Nov-18,Pakistan,New Zealand,New Zealand,47 runs,Abu Dhabi,Overcast,Dry
09-Nov-18,Australia,South Africa,Australia,7 runs,Adelaide,Sunny,Dusty
09-Nov-18,Pakistan,New Zealand,Pakistan,6 wickets,Abu Dhabi,Rainy,Wet
11-Nov-18,Australia,South Africa,South Africa,40 runs,Hobart,Cold,Green
11-Nov-18,Pakistan,New Zealand,tied,,Dubai (DSC),Cold,Dead
09-Dec-18,Bangladesh,West Indies,Bangladesh,5 wickets,Shere Bangla,Rainy,Wet
11-Dec-18,Bangladesh,West Indies,West Indies,4 wickets,Shere Bangla,Overcast,Dead
14-Dec-18,Bangladesh,West Indies,Bangladesh,8 wickets,Sylhet,Overcast,Green
